policy,(All),,,,,
losscause_desc,(All),,,,,
,,,,,,
Sum of indemnity_paid,Column Labels,,,,,
Row Labels,2017,2018,2019,2020,2021,Grand Total
95969,,"18,783,347",,,,"18,783,347"
PARADISE,,"18,783,347",,,,"18,783,347"
CA,,"18,783,347",,,,"18,783,347"
90265,,"13,996,689",,,,"13,996,689"
MALIBU,,"13,996,689",,,,"13,996,689"
CA,,"13,996,689",,,,"13,996,689"
31415,,"363,840","31,531","5,394,480",,"5,789,851"
SAVANNAH,,"363,840","31,531","5,394,480",,"5,789,851"
GA,,"363,840","31,531","5,394,480",,"5,789,851"
95928,,"5,615,705",,,,"5,615,705"
CHICO,,"5,615,705",,,,"5,615,705"
CA,,"5,615,705",,,,"5,615,705"
95965,,"5,515,599",,,,"5,515,599"
BUTTE VALLEY,,"143,267",,,,"143,267"
CA,,"143,267",,,,"143,267"
OROVILLE,,"4,603,500",,,,"4,603,500"
CA,,"4,603,500",,,,"4,603,500"
YANKEE HILL,,"768,832",,,,"768,832"
CA,,"768,832",,,,"768,832"
95954,,"3,409,434",,,,"3,409,434"
MAGALIA,,"3,409,434",,,,"3,409,434"
CA,,"3,409,434",,,,"3,409,434"
94515,"2,298,624",,,"757,956",,"3,056,580"
CALISTOGA,"2,298,624",,,"757,956",,"3,056,580"
CA,"2,298,624",,,"757,956",,"3,056,580"
80447,,,,"2,558,318",,"2,558,318"
GRAND LAKE,,,,"2,558,318",,"2,558,318"
CO,,,,"2,558,318",,"2,558,318"
93643,"2,512,199",,,,,"2,512,199"
NORTH FORK,"2,512,199",,,,,"2,512,199"
CA,"2,512,199",,,,,"2,512,199"
95404,"2,302,416",,,"1,606",,"2,304,023"
SANTA ROSA,"2,302,416",,,"1,606",,"2,304,023"
CA,"2,302,416",,,"1,606",,"2,304,023"
94574,,,,"2,239,211",,"2,239,211"
SAINT HELENA,,,,"2,239,211",,"2,239,211"
CA,,,,"2,239,211",,"2,239,211"
94558,"2,042,410",,,,,"2,042,410"
NAPA,"2,042,410",,,,,"2,042,410"
CA,"2,042,410",,,,,"2,042,410"
95485,,"1,865,616",,,,"1,865,616"
UPPER LAKE,,"1,865,616",,,,"1,865,616"
CA,,"1,865,616",,,,"1,865,616"
31406,,"455,197","1,214","1,015,274","20,738","1,492,423"
SAVANNAH,,"455,197","1,214","1,015,274","20,738","1,492,423"
GA,,"455,197","1,214","1,015,274","20,738","1,492,423"
95966,"1,025,592",,,"424,449",,"1,450,041"
OROVILLE,"1,025,592",,,"424,449",,"1,450,041"
CA,"1,025,592",,,"424,449",,"1,450,041"
93664,,,,"1,258,799",,"1,258,799"
SHAVER LAKE,,,,"1,258,799",,"1,258,799"
CA,,,,"1,258,799",,"1,258,799"
31401,"216,018","15,527","728,903","289,716","2,500","1,252,663"
SAVANNAH,"216,018","15,527","728,903","289,716","2,500","1,252,663"
GA,"216,018","15,527","728,903","289,716","2,500","1,252,663"
19963,"644,900",,"469,225","129,809",,"1,243,934"
MILFORD,"644,900",,"469,225",,,"1,114,125"
DE,"644,900",,"469,225",,,"1,114,125"
SLAUGHTER BEACH,,,,"129,809",,"129,809"
DE,,,,"129,809",,"129,809"
35150,"30,000",,,"1,157,000",,"1,187,000"
SYCALAUGA,"30,000",,,,,"30,000"
AL,"30,000",,,,,"30,000"
SYLACAUGA,,,,"1,157,000",,"1,157,000"
AL,,,,"1,157,000",,"1,157,000"
7039,,,,"1,173,036",,"1,173,036"
LIVINGSTON,,,,"1,173,036",,"1,173,036"
NJ,,,,"1,173,036",,"1,173,036"
28227,,,,,"1,153,619","1,153,619"
MINT HILL,,,,,"1,153,619","1,153,619"
NC,,,,,"1,153,619","1,153,619"
96033,,"1,112,127",,,,"1,112,127"
FRENCH GULCH,,"1,112,127",,,,"1,112,127"
CA,,"1,112,127",,,,"1,112,127"
25570,,,,"1,086,817",,"1,086,817"
WAYNE,,,,"1,086,817",,"1,086,817"
WV,,,,"1,086,817",,"1,086,817"
93001,"1,047,502",,,,,"1,047,502"
VENTURA,"1,047,502",,,,,"1,047,502"
CA,"1,047,502",,,,,"1,047,502"
94553,"1,029,530",,,,,"1,029,530"
MARTINEZ,"1,029,530",,,,,"1,029,530"
CA,"1,029,530",,,,,"1,029,530"
96001,,"1,002,830",,,,"1,002,830"
REDDING,,"1,002,830",,,,"1,002,830"
CA,,"1,002,830",,,,"1,002,830"
70072,,,,"280,344","722,128","1,002,472"
MARRERO,,,,"280,344","722,128","1,002,472"
LA,,,,"280,344","722,128","1,002,472"
77554,,,,"1,002,216",0,"1,002,216"
GALVESTON,,,,"1,002,216",0,"1,002,216"
TX,,,,"1,002,216",0,"1,002,216"
93924,,,,"956,365",,"956,365"
CARMEL VALLEY,,,,"956,365",,"956,365"
CA,,,,"956,365",,"956,365"
80446,,,,"940,384",,"940,384"
GRANBY,,,,"940,384",,"940,384"
CO,,,,"940,384",,"940,384"
91301,,"888,807",,,,"888,807"
AGOURA,,"490,042",,,,"490,042"
CA,,"490,042",,,,"490,042"
AGOURA HILLS,,"398,765",,,,"398,765"
CA,,"398,765",,,,"398,765"
94508,,,,"888,179",,"888,179"
ANGWIN,,,,"888,179",,"888,179"
CA,,,,"888,179",,"888,179"
95490,"886,199",,,,,"886,199"
WILLITS,"886,199",,,,,"886,199"
CA,"886,199",,,,,"886,199"
31419,,"162,503","236,432","354,227","89,690","842,852"
SAVANNAH,,"162,503","236,432","354,227","89,690","842,852"
GA,,"162,503","236,432","354,227","89,690","842,852"
31078,,,,,"841,000","841,000"
ROBERTA,,,,,"841,000","841,000"
GA,,,,,"841,000","841,000"
95554,,,"828,575",,,"828,575"
MYERS FLAT,,,"828,575",,,"828,575"
CA,,,"828,575",,,"828,575"
98370,"141,504","686,418",,,,"827,922"
POULSBO,"141,504","686,418",,,,"827,922"
WA,"141,504","686,418",,,,"827,922"
36558,,,"800,083",,,"800,083"
MILLRY,,,"800,083",,,"800,083"
AL,,,"800,083",,,"800,083"
95688,,,,"775,225",,"775,225"
VACAVILLE,,,,"775,225",,"775,225"
CA,,,,"775,225",,"775,225"
93605,,,,"769,340",,"769,340"
BIG CREEK,,,,"769,340",,"769,340"
CA,,,,"769,340",,"769,340"
6615,,,,"700,319",,"700,319"
STRATFORD,,,,"700,319",,"700,319"
CT,,,,"700,319",,"700,319"
8226,,"120,298","564,304",,,"684,602"
OCEAN CITY,,"120,298","564,304",,,"684,602"
NJ,,"120,298","564,304",,,"684,602"
29550,"461,070",,"123,084","87,042",,"671,196"
HARTSVILLE,"461,070",,"123,084","87,042",,"671,196"
SC,"461,070",,"123,084","87,042",,"671,196"
95441,"661,335",,,,,"661,335"
GEYSERVILLE,"661,335",,,,,"661,335"
CA,"661,335",,,,,"661,335"
95403,"653,914",,,,,"653,914"
SANTA ROSA,"653,914",,,,,"653,914"
CA,"653,914",,,,,"653,914"
77662,"649,816",,,977,,"650,793"
VIDOR,"649,816",,,977,,"650,793"
TX,"649,816",,,977,,"650,793"
93265,,,,"647,493",,"647,493"
SPRINGVILLE,,,,"647,493",,"647,493"
CA,,,,"647,493",,"647,493"
92549,,0,"637,050",,,"637,050"
IDYLLWILD,,0,"637,050",,,"637,050"
CA,,0,"637,050",,,"637,050"
93644,"631,599",,,,,"631,599"
OAKHURST,"631,599",,,,,"631,599"
CA,"631,599",,,,,"631,599"
77550,,"21,264","567,262","35,441",,"623,966"
GALVESTON,,"21,264","567,262","35,441",,"623,966"
TX,,"21,264","567,262","35,441",,"623,966"
71832,"612,353",,,,,"612,353"
DE QUEEN,"612,353",,,,,"612,353"
AR,"612,353",,,,,"612,353"
75766,,,,,"585,933","585,933"
JACKSONVILLE,,,,,"585,933","585,933"
TX,,,,,"585,933","585,933"
99502,,,,"567,937",,"567,937"
ANCHORAGE,,,,"567,937",,"567,937"
AK,,,,"567,937",,"567,937"
77060,,,"567,800",,,"567,800"
HOUSTON,,,"567,800",,,"567,800"
TX,,,"567,800",,,"567,800"
33157,"109,374",,"375,044",,"81,812","566,230"
MIAMI,"109,374",,,,"81,812","191,186"
FL,"109,374",,,,"81,812","191,186"
PALMETTO BAY,,,"375,044",,,"375,044"
FL,,,"375,044",,,"375,044"
96107,,,,"564,684",,"564,684"
COLEVILLE,,,,"564,684",,"564,684"
CA,,,,"564,684",,"564,684"
77566,,,,,"555,205","555,205"
LAKE JACKSON,,,,,"555,205","555,205"
TX,,,,,"555,205","555,205"
38654,,,,"549,942",,"549,942"
OLIVE BRANCH,,,,"549,942",,"549,942"
MS,,,,"549,942",,"549,942"
33037,,0,,,"545,066","545,066"
KEY LARGO,,0,,,"545,066","545,066"
FL,,0,,,"545,066","545,066"
39564,,,"290,481","252,400",,"542,881"
OCEAN SPRINGS,,,"290,481","252,400",,"542,881"
MS,,,"290,481","252,400",,"542,881"
91302,,"541,023",,,,"541,023"
CALABASAS,,"421,403",,,,"421,403"
CA,,"421,403",,,,"421,403"
HIDDEN HILLS,,"119,619",,,,"119,619"
CA,,"119,619",,,,"119,619"
95453,,"531,341",,,,"531,341"
LAKEPORT,,"531,341",,,,"531,341"
CA,,"531,341",,,,"531,341"
77015,,"519,806","10,434",,,"530,240"
HOUSTON,,"519,806",,,,"519,806"
TX,,"519,806",,,,"519,806"
"HOUSTON, HARRIS CO.",,,"10,434",,,"10,434"
TX,,,"10,434",,,"10,434"
65785,,"526,890",,,,"526,890"
STOCKTON,,"526,890",,,,"526,890"
MO,,"526,890",,,,"526,890"
95916,,"27,580",,"492,815",,"520,395"
BERRY CREEK,,"27,580",,"492,815",,"520,395"
CA,,"27,580",,"492,815",,"520,395"
83115,,"507,915",,,,"507,915"
DANIEL,,"507,915",,,,"507,915"
WY,,"507,915",,,,"507,915"
95975,"506,536",,,,,"506,536"
ROUGH AND READY,"506,536",,,,,"506,536"
CA,"506,536",,,,,"506,536"
8609,,,,"492,092",,"492,092"
HAMILTON,,,,"492,092",,"492,092"
NJ,,,,"492,092",,"492,092"
75706,,,,"484,800",,"484,800"
TYLER,,,,"484,800",,"484,800"
TX,,,,"484,800",,"484,800"
31520,0,"330,539","42,594","25,809","80,504","479,447"
BRUNSWICK,0,"330,539","42,594","25,809","80,504","479,447"
GA,0,"330,539","42,594","25,809","80,504","479,447"
96003,,"467,829",,,,"467,829"
REDDING,,"467,829",,,,"467,829"
CA,,"467,829",,,,"467,829"
95563,,"466,175",,,,"466,175"
SALYER,,"466,175",,,,"466,175"
CA,,"466,175",,,,"466,175"
20176,,"465,560",,,,"465,560"
LEESBURG,,"465,560",,,,"465,560"
VA,,"465,560",,,,"465,560"
7748,,"463,850",,,,"463,850"
MIDDLETOWN,,"463,850",,,,"463,850"
NJ,,"463,850",,,,"463,850"
47978,,,,"454,356",,"454,356"
RENSSELAER,,,,"454,356",,"454,356"
IN,,,,"454,356",,"454,356"
6519,,,,,"445,000","445,000"
NEW HAVEN,,,,,"445,000","445,000"
CT,,,,,"445,000","445,000"
70058,,,"3,500",,"439,667","443,167"
HARVEY,,,"3,500",,"439,667","443,167"
LA,,,"3,500",,"439,667","443,167"
94114,,,"440,689",,,"440,689"
SAN FRANCISCO,,,"440,689",,,"440,689"
CA,,,"440,689",,,"440,689"
33161,"215,733",,"11,040","90,299","113,433","430,505"
BISCAYNE PARK,,,,,"82,126","82,126"
FL,,,,,"82,126","82,126"
MIAMI,"215,733",,,"90,299",,"306,032"
FL,"215,733",,,"90,299",,"306,032"
NORTH MIAMI,,,"11,040",,"31,307","42,347"
FL,,,"11,040",,"31,307","42,347"
7724,"1,430",,"420,642",,,"422,072"
EATONTOWN,"1,430",,"420,642",,,"422,072"
NJ,"1,430",,"420,642",,,"422,072"
74884,,,"421,284",,,"421,284"
WEWOKA,,,"421,284",,,"421,284"
OK,,,"421,284",,,"421,284"
6401,"273,012","145,083",,,,"418,095"
ANSONIA,"273,012","145,083",,,,"418,095"
CT,"273,012","145,083",,,,"418,095"
8735,,"417,709",,,,"417,709"
LAVALLETTE,,"417,709",,,,"417,709"
NJ,,"417,709",,,,"417,709"
18414,,"406,945",,,,"406,945"
DALTON,,"406,945",,,,"406,945"
PA,,"406,945",,,,"406,945"
95451,"403,942",0,,,,"403,942"
KELSEYVILLE,"403,942",0,,,,"403,942"
CA,"403,942",0,,,,"403,942"
1880,,"400,040",,,,"400,040"
WAKEFIELD,,"400,040",,,,"400,040"
MA,,"400,040",,,,"400,040"
7701,"396,577",,,,,"396,577"
RED BANK,"396,577",,,,,"396,577"
NJ,"396,577",,,,,"396,577"
36613,,,"392,118",,,"392,118"
EIGHT MILE,,,"392,118",,,"392,118"
AL,,,"392,118",,,"392,118"
32960,"161,476","229,415",,,,"390,891"
VERO BEACH,"161,476","229,415",,,,"390,891"
FL,"161,476","229,415",,,,"390,891"
55016,,,,,"390,459","390,459"
COTTAGE GROVE,,,,,"390,459","390,459"
MN,,,,,"390,459","390,459"
23462,,"2,395",,"384,020",,"386,415"
VIRGINIA BEACH,,"2,395",,"384,020",,"386,415"
VA,,"2,395",,"384,020",,"386,415"
70116,,"68,768","308,507",0,0,"377,275"
NEW ORLEANS,,"68,768","308,507",0,0,"377,275"
LA,,"68,768","308,507",0,0,"377,275"
43551,,"375,389",,,,"375,389"
PERRYSBURG,,"375,389",,,,"375,389"
OH,,"375,389",,,,"375,389"
8322,"372,720",,,,,"372,720"
FRANKLINVILLE,"372,720",,,,,"372,720"
NJ,"372,720",,,,,"372,720"
25918,"372,041",,,,,"372,041"
SHADY SPRING,"372,041",,,,,"372,041"
WV,"372,041",,,,,"372,041"
55407,,,,"369,582",,"369,582"
MINNEAPOLIS,,,,"369,582",,"369,582"
MN,,,,"369,582",,"369,582"
99149,,,,"367,943",,"367,943"
MALDEN,,,,"367,943",,"367,943"
WA,,,,"367,943",,"367,943"
29403,"10,897",,,"356,548",,"367,445"
CHARLESTON,"10,897",,,"356,548",,"367,445"
SC,"10,897",,,"356,548",,"367,445"
77901,,,,,"363,087","363,087"
VICTORIA,,,,,"363,087","363,087"
TX,,,,,"363,087","363,087"
36784,,"218,114","140,431","3,464",,"362,009"
THOMASVILLE,,"218,114","140,431","3,464",,"362,009"
AL,,"218,114","140,431","3,464",,"362,009"
31410,"144,534","9,251","197,698",,"4,037","355,520"
SAVANNAH,"144,534","9,251","197,698",,"4,037","355,520"
GA,"144,534","9,251","197,698",,"4,037","355,520"
92352,,"355,000",,,,"355,000"
LAKE ARROWHEAD,,"355,000",,,,"355,000"
CA,,"355,000",,,,"355,000"
77083,,"17,391",,"332,140",,"349,531"
HOUSTON,,"17,391",,"332,140",,"349,531"
TX,,"17,391",,"332,140",,"349,531"
33603,"120,000","227,679",,,,"347,679"
TAMPA,"120,000","227,679",,,,"347,679"
FL,"120,000","227,679",,,,"347,679"
68516,,"344,143",,,,"344,143"
LINCOLN,,"344,143",,,,"344,143"
NE,,"344,143",,,,"344,143"
30817,,"340,547",,,,"340,547"
LINCOLNTON,,"340,547",,,,"340,547"
GA,,"340,547",,,,"340,547"
77568,"24,371","189,350",,"122,403",,"336,124"
LA MARQUE,"24,371","189,350",,"122,403",,"336,124"
TX,"24,371","189,350",,"122,403",,"336,124"
8401,,"47,984","285,138",,,"333,122"
ATLANTIC CITY,,"47,984","285,138",,,"333,122"
NJ,,"47,984","285,138",,,"333,122"
2562,,,,"330,924",,"330,924"
SAGAMORE BEACH,,,,"330,924",,"330,924"
MA,,,,"330,924",,"330,924"
99141,,,"324,600",,,"324,600"
KETTLE FALLS,,,"324,600",,,"324,600"
WA,,,"324,600",,,"324,600"
6320,,,,"321,056",,"321,056"
NEW LONDON,,,,"321,056",,"321,056"
CT,,,,"321,056",,"321,056"
36608,,,,"321,002",,"321,002"
MOBILE,,,,"321,002",,"321,002"
AL,,,,"321,002",,"321,002"
11363,,,,,"316,686","316,686"
DOUGLASTON,,,,,"316,686","316,686"
NY,,,,,"316,686","316,686"
85338,,,"313,704",,,"313,704"
GOODYEAR,,,"313,704",,,"313,704"
AZ,,,"313,704",,,"313,704"
18224,,"313,000",,,,"313,000"
FREELAND,,"313,000",,,,"313,000"
PA,,"313,000",,,,"313,000"
12189,,,,"311,571",,"311,571"
WATERVLIET,,,,"311,571",,"311,571"
NY,,,,"311,571",,"311,571"
46511,,"309,464",,,,"309,464"
CULVER,,"309,464",,,,"309,464"
IN,,"309,464",,,,"309,464"
99362,,,"258,000","50,905",0,"308,905"
WALLA WALLA,,,"258,000","50,905",0,"308,905"
WA,,,"258,000","50,905",0,"308,905"
77065,,"308,355",,,,"308,355"
HOUSTON,,"308,355",,,,"308,355"
TX,,"308,355",,,,"308,355"
89429,,"300,848",,,,"300,848"
SILVER SPRINGS,,"300,848",,,,"300,848"
NV,,"300,848",,,,"300,848"
7731,,"300,254",,,,"300,254"
HOWELL,,"300,254",,,,"300,254"
NJ,,"300,254",,,,"300,254"
29512,,,"96,000",,"200,000","296,000"
BENNETTSVILLE,,,"96,000",,"200,000","296,000"
SC,,,"96,000",,"200,000","296,000"
70001,,"167,790","126,514",,,"294,304"
METAIRIE,,"167,790","126,514",,,"294,304"
LA,,"167,790","126,514",,,"294,304"
8096,,,"294,217",,,"294,217"
WOODBURY,,,"294,217",,,"294,217"
NJ,,,"294,217",,,"294,217"
71635,,,"291,500",,,"291,500"
CROSSETT,,,"291,500",,,"291,500"
AR,,,"291,500",,,"291,500"
7018,"290,223",,,,,"290,223"
EAST ORANGE,"290,223",,,,,"290,223"
NJ,"290,223",,,,,"290,223"
91307,,"289,214",,,,"289,214"
BELL CANYON,,"289,214",,,,"289,214"
CA,,"289,214",,,,"289,214"
35953,"288,893",,,,,"288,893"
ASHVILLE,"288,893",,,,,"288,893"
AL,"288,893",,,,,"288,893"
98250,,,,,"287,500","287,500"
SAN JUAN ISLAND,,,,,"287,500","287,500"
WA,,,,,"287,500","287,500"
33525,,"279,066",,,,"279,066"
DADE CITY,,"279,066",,,,"279,066"
FL,,"279,066",,,,"279,066"
29150,"277,479",,,,,"277,479"
SUMTER,"277,479",,,,,"277,479"
SC,"277,479",,,,,"277,479"
7712,,,"272,444",,,"272,444"
ASBURY PARK,,,"272,444",,,"272,444"
NJ,,,"272,444",,,"272,444"
8247,,"270,232",,,,"270,232"
STONE HARBOR,,"270,232",,,,"270,232"
NJ,,"270,232",,,,"270,232"
33309,,,"168,228","101,938",,"270,166"
FORT LAUDERDALE,,,"168,228","101,938",,"270,166"
FL,,,"168,228","101,938",,"270,166"
86320,,,"267,738",,,"267,738"
ASH FORK,,,"267,738",,,"267,738"
AZ,,,"267,738",,,"267,738"
95983,,,"264,500",,,"264,500"
TAYLORSVILLE,,,"264,500",,,"264,500"
CA,,,"264,500",,,"264,500"
29516,,,"260,305",,,"260,305"
BLENHEIM,,,"260,305",,,"260,305"
SC,,,"260,305",,,"260,305"
77471,"258,988",,,,,"258,988"
ROSENBERG,"258,988",,,,,"258,988"
TX,"258,988",,,,,"258,988"
33160,,,,,"258,920","258,920"
SUNNY ISLES BEACH,,,,,"258,920","258,920"
FL,,,,,"258,920","258,920"
55420,,"258,262",,,,"258,262"
BLOOMINGTON,,"258,262",,,,"258,262"
MN,,"258,262",,,,"258,262"
29625,,,"257,837",,,"257,837"
ANDERSON,,,"257,837",,,"257,837"
SC,,,"257,837",,,"257,837"
95605,,,"256,610",,,"256,610"
RIVER BANK,,,"256,610",,,"256,610"
CA,,,"256,610",,,"256,610"
6604,,,,,"255,979","255,979"
BRIDGEPORT,,,,,"255,979","255,979"
CT,,,,,"255,979","255,979"
70501,,,"255,511",,,"255,511"
LAFAYETTE,,,"255,511",,,"255,511"
LA,,,"255,511",,,"255,511"
85037,,"254,909",,,,"254,909"
PHOENIX,,"254,909",,,,"254,909"
AZ,,"254,909",,,,"254,909"
90049,,,"254,335",,,"254,335"
LOS ANGELES,,,"254,335",,,"254,335"
CA,,,"254,335",,,"254,335"
11722,,,,,"254,204","254,204"
CENTRAL ISLIP,,,,,"254,204","254,204"
NY,,,,,"254,204","254,204"
7734,,,"253,958",,,"253,958"
KEANSBURG,,,"253,958",,,"253,958"
NJ,,,"253,958",,,"253,958"
33189,,,,,"253,292","253,292"
CUTLER BAY,,,,,"253,292","253,292"
FL,,,,,"253,292","253,292"
39563,"49,671",,,"201,000",,"250,671"
MOSS POINT,"49,671",,,"201,000",,"250,671"
MS,"49,671",,,"201,000",,"250,671"
77056,,,,"249,023",,"249,023"
HOUSTON,,,,"249,023",,"249,023"
TX,,,,"249,023",,"249,023"
93023,"248,460",,,,,"248,460"
OJAI,"248,460",,,,,"248,460"
CA,"248,460",,,,,"248,460"
75601,,,,"247,469",,"247,469"
LONGVIEW,,,,"247,469",,"247,469"
TX,,,,"247,469",,"247,469"
55412,,"246,551",,,,"246,551"
MINNEAPOLIS,,"246,551",,,,"246,551"
MN,,"246,551",,,,"246,551"
77072,,,,,"245,387","245,387"
HOUSTON,,,,,"245,387","245,387"
TX,,,,,"245,387","245,387"
74701,,"244,708",,,,"244,708"
DURANT,,"244,708",,,,"244,708"
OK,,"244,708",,,,"244,708"
32526,"244,490",,,,,"244,490"
PENSACOLA,"244,490",,,,,"244,490"
FL,"244,490",,,,,"244,490"
97413,,,,"242,225",,"242,225"
BLUE RIVER,,,,"242,225",,"242,225"
OR,,,,"242,225",,"242,225"
74074,,"240,000",,,,"240,000"
STILLWATER,,"240,000",,,,"240,000"
OK,,"240,000",,,,"240,000"
11977,"239,980",,,,,"239,980"
WESTHAMPTON,"239,980",,,,,"239,980"
NY,"239,980",,,,,"239,980"
35085,"238,000",,,,,"238,000"
JEMISON,"238,000",,,,,"238,000"
AL,"238,000",,,,,"238,000"
74352,,,"235,231",,,"235,231"
LOCUST GROVE,,,"235,231",,,"235,231"
OK,,,"235,231",,,"235,231"
14303,,,,,"235,101","235,101"
NIAGARA FALLS,,,,,"235,101","235,101"
NY,,,,,"235,101","235,101"
95595,"234,224",,,,,"234,224"
ZENIA,"234,224",,,,,"234,224"
CA,"234,224",,,,,"234,224"
47842,,,"233,847",,,"233,847"
CLINTON,,,"233,847",,,"233,847"
IN,,,"233,847",,,"233,847"
36420,"233,289",,,,,"233,289"
ANDALUSIA,"233,289",,,,,"233,289"
AL,"233,289",,,,,"233,289"
90046,"229,724",,,,,"229,724"
LOS ANGELES,"229,724",,,,,"229,724"
CA,"229,724",,,,,"229,724"
29118,"229,701",,,,,"229,701"
ORANGEBURG,"229,701",,,,,"229,701"
SC,"229,701",,,,,"229,701"
39581,,,"227,500",,,"227,500"
PASCAGOULA,,,"227,500",,,"227,500"
MS,,,"227,500",,,"227,500"
8088,,"226,254",,,,"226,254"
SOUTHAMPTON,,"226,254",,,,"226,254"
NJ,,"226,254",,,,"226,254"
70084,,,,,"224,286","224,286"
RESERVE,,,,,"224,286","224,286"
LA,,,,,"224,286","224,286"
8852,,,,"220,271",,"220,271"
MONMOUTH JCTN,,,,"220,271",,"220,271"
NJ,,,,"220,271",,"220,271"
71457,,,"218,800",,,"218,800"
NATCHITOCHES,,,"218,800",,,"218,800"
LA,,,"218,800",,,"218,800"
38008,,,"218,099",,,"218,099"
BOLIVAR,,,"218,099",,,"218,099"
TN,,,"218,099",,,"218,099"
60623,,,,"217,347",,"217,347"
CHICAGO,,,,"217,347",,"217,347"
IL,,,,"217,347",,"217,347"
77389,,,,"216,482",,"216,482"
SPRING,,,,"216,482",,"216,482"
TX,,,,"216,482",,"216,482"
70003,"2,949",,"177,814",,"35,246","216,009"
METAIRIE,"2,949",,"177,814",,"35,246","216,009"
LA,"2,949",,"177,814",,"35,246","216,009"
30707,,,,"215,733",,"215,733"
CHICKAMAUGA,,,,"215,733",,"215,733"
GA,,,,"215,733",,"215,733"
60435,,,,"215,572",,"215,572"
JOLIET,,,,"215,572",,"215,572"
IL,,,,"215,572",,"215,572"
47421,,,"212,894",,,"212,894"
BEDFORD,,,"212,894",,,"212,894"
IN,,,"212,894",,,"212,894"
46953,"201,476",,,"10,187",,"211,663"
MARION,"201,476",,,"10,187",,"211,663"
IN,"201,476",,,"10,187",,"211,663"
85364,"211,406",,,,,"211,406"
YUMA,"211,406",,,,,"211,406"
AZ,"211,406",,,,,"211,406"
76002,,,,,"210,591","210,591"
ARLINGTON,,,,,"210,591","210,591"
TX,,,,,"210,591","210,591"
63130,"208,755",,,,,"208,755"
SAINT LOUIS,"208,755",,,,,"208,755"
MO,"208,755",,,,,"208,755"
53211,,,"207,718",,,"207,718"
SHOREWOOD,,,"207,718",,,"207,718"
WI,,,"207,718",,,"207,718"
34741,,"207,058",,,,"207,058"
KISSIMMEE,,"207,058",,,,"207,058"
FL,,"207,058",,,,"207,058"
35096,"206,250",,,,,"206,250"
LINCOLN,"206,250",,,,,"206,250"
AL,"206,250",,,,,"206,250"
70118,"115,000","6,051","62,795","16,474",,"200,320"
NEW ORLEANS,"115,000","6,051","62,795","16,474",,"200,320"
LA,"115,000","6,051","62,795","16,474",,"200,320"
87514,,,,"200,000",,"200,000"
ARROYO SECO,,,,"200,000",,"200,000"
NM,,,,"200,000",,"200,000"
33496,"200,000",,,,,"200,000"
BOCA RATON,"200,000",,,,,"200,000"
FL,"200,000",,,,,"200,000"
34241,,,,,"199,082","199,082"
SARASOTA,,,,,"199,082","199,082"
FL,,,,,"199,082","199,082"
70668,,,,"198,441",,"198,441"
VINTON,,,,"198,441",,"198,441"
LA,,,,"198,441",,"198,441"
82055,,,,"197,500",,"197,500"
CENTENNIAL,,,,"197,500",,"197,500"
WY,,,,"197,500",,"197,500"
85032,,,,"196,915",,"196,915"
PHOENIX,,,,"196,915",,"196,915"
AZ,,,,"196,915",,"196,915"
36605,"130,398",,"1,069","65,000",,"196,467"
MOBILE,"130,398",,"1,069","65,000",,"196,467"
AL,"130,398",,"1,069","65,000",,"196,467"
33905,"195,400",,,,,"195,400"
FORT MYERS,"195,400",,,,,"195,400"
FL,"195,400",,,,,"195,400"
53209,,,,,"195,255","195,255"
MILWAUKEE,,,,,"195,255","195,255"
WI,,,,,"195,255","195,255"
82070,,,,"193,727",,"193,727"
LARAMIE,,,,"193,727",,"193,727"
WY,,,,"193,727",,"193,727"
39047,,"193,693",,,,"193,693"
BRANDON,,"193,693",,,,"193,693"
MS,,"193,693",,,,"193,693"
8260,"62,953",,,"130,000",,"192,953"
WEST WILDWOOD,"47,580",,,,,"47,580"
NJ,"47,580",,,,,"47,580"
WILDWOOD,"15,373",,,"130,000",,"145,373"
NJ,"15,373",,,"130,000",,"145,373"
36301,,"191,959",,,,"191,959"
DOTHAN,,"191,959",,,,"191,959"
AL,,"191,959",,,,"191,959"
46254,,,"189,103",,,"189,103"
INDIANAPOLIS,,,"189,103",,,"189,103"
IN,,,"189,103",,,"189,103"
30240,,,,"188,874",,"188,874"
LAGRANGE,,,,"188,874",,"188,874"
GA,,,,"188,874",,"188,874"
29429,,,,"188,800",,"188,800"
AWENDAW,,,,"188,800",,"188,800"
SC,,,,"188,800",,"188,800"
10467,,,,,"188,309","188,309"
BRONX,,,,,"188,309","188,309"
NY,,,,,"188,309","188,309"
29405,,,,"188,019",,"188,019"
NORTH CHARLESTON,,,,"188,019",,"188,019"
SC,,,,"188,019",,"188,019"
25701,,"187,326",,,,"187,326"
HUNTINGTON,,"187,326",,,,"187,326"
WV,,"187,326",,,,"187,326"
75972,"1,826","185,374",,,,"187,200"
SAN AUGUSTINE,"1,826",,,,,"1,826"
TX,"1,826",,,,,"1,826"
"SAN AUGUSTINE,",,"185,374",,,,"185,374"
TX,,"185,374",,,,"185,374"
89101,,"185,882",,,,"185,882"
LAS VEGAS,,"185,882",,,,"185,882"
NV,,"185,882",,,,"185,882"
39194,"185,392",,,,,"185,392"
YAZOO CITY,"185,392",,,,,"185,392"
MS,"185,392",,,,,"185,392"
94060,,,,"183,871",,"183,871"
PESCADERO,,,,"183,871",,"183,871"
CA,,,,"183,871",,"183,871"
30747,,,,,"181,769","181,769"
SUMMERVILLE,,,,,"181,769","181,769"
GA,,,,,"181,769","181,769"
89046,,,"179,193",,,"179,193"
SEARCH LIGHT,,,"179,193",,,"179,193"
NV,,,"179,193",,,"179,193"
11575,,,"178,668",,,"178,668"
ROOSEVELT,,,"178,668",,,"178,668"
NY,,,"178,668",,,"178,668"
46628,"138,125",,,,"40,000","178,125"
SOUTH BEND,"138,125",,,,"40,000","178,125"
IN,"138,125",,,,"40,000","178,125"
85016,,,,,"177,500","177,500"
PHOENIX,,,,,"177,500","177,500"
AZ,,,,,"177,500","177,500"
46952,,,,"177,370",,"177,370"
MARION,,,,"177,370",,"177,370"
IN,,,,"177,370",,"177,370"
60466,,"176,812",,,,"176,812"
PARK FOREST,,"176,812",,,,"176,812"
IL,,"176,812",,,,"176,812"
59072,,,,"176,714",,"176,714"
ROUNDUP,,,,"176,714",,"176,714"
MT,,,,"176,714",,"176,714"
75951,"176,504",,,,,"176,504"
JASPER,"176,504",,,,,"176,504"
TX,"176,504",,,,,"176,504"
46550,,,,,"176,000","176,000"
NAPPANEE,,,,,"176,000","176,000"
IN,,,,,"176,000","176,000"
77026,"55,000","33,000","87,964",,,"175,964"
HOUSTON,"55,000","33,000","87,964",,,"175,964"
TX,"55,000","33,000","87,964",,,"175,964"
6516,,,,"175,846",,"175,846"
WEST HAVEN,,,,"175,846",,"175,846"
CT,,,,"175,846",,"175,846"
98036,,"175,000",,,,"175,000"
LYNNWOOD,,"175,000",,,,"175,000"
WA,,"175,000",,,,"175,000"
77591,,"175,000",,,,"175,000"
TEXAS CITY,,"175,000",,,,"175,000"
TX,,"175,000",,,,"175,000"
33186,,"174,815",,,,"174,815"
MIAMI,,"174,815",,,,"174,815"
FL,,"174,815",,,,"174,815"
29001,,,"163,153",,"10,000","173,153"
ALCOLU,,,"163,153",,"10,000","173,153"
SC,,,"163,153",,"10,000","173,153"
70119,,"161,895","9,498",,,"171,393"
NEW ORLEANS,,"161,895","9,498",,,"171,393"
LA,,"161,895","9,498",,,"171,393"
55790,"170,247",,,,,"170,247"
TOWER,"170,247",,,,,"170,247"
MN,"170,247",,,,,"170,247"
10547,"170,142",,,,,"170,142"
MOHEGAN LAKE,"170,142",,,,,"170,142"
NY,"170,142",,,,,"170,142"
31404,0,"54,047","115,550",,,"169,597"
SAVANNAH,0,"54,047","115,550",,,"169,597"
GA,0,"54,047","115,550",,,"169,597"
19023,,,,,"165,200","165,200"
COLLINGDALE,,,,,"165,200","165,200"
PA,,,,,"165,200","165,200"
74026,"165,000",,,,,"165,000"
DAVENPORT,"165,000",,,,,"165,000"
OK,"165,000",,,,,"165,000"
33175,,"77,960",,"86,678",,"164,638"
MIAMI,,"77,960",,"86,678",,"164,638"
FL,,"77,960",,"86,678",,"164,638"
59858,,,,"164,301",,"164,301"
PHILIPSBURG,,,,"164,301",,"164,301"
MT,,,,"164,301",,"164,301"
48235,"161,894",,,,,"161,894"
DETROIT,"161,894",,,,,"161,894"
MI,"161,894",,,,,"161,894"
29073,,"161,599",,,,"161,599"
LEXINGTON,,"161,599",,,,"161,599"
SC,,"161,599",,,,"161,599"
39576,"160,523",,,,,"160,523"
WAVELAND,"160,523",,,,,"160,523"
MS,"160,523",,,,,"160,523"
39046,,"160,500",,,,"160,500"
CANTON,,"160,500",,,,"160,500"
MS,,"160,500",,,,"160,500"
30341,,,,,"160,500","160,500"
ATLANTA,,,,,"160,500","160,500"
GA,,,,,"160,500","160,500"
33013,,,"160,040",,,"160,040"
HIALEAH,,,"160,040",,,"160,040"
FL,,,"160,040",,,"160,040"
78753,,,,"159,505",,"159,505"
AUSTIN,,,,"159,505",,"159,505"
TX,,,,"159,505",,"159,505"
56081,,"158,674",,,,"158,674"
SAINT JAMES,,"158,674",,,,"158,674"
MN,,"158,674",,,,"158,674"
87553,"158,080",,,,,"158,080"
PENASCO,"158,080",,,,,"158,080"
NM,"158,080",,,,,"158,080"
56570,,"156,415",,,,"156,415"
OSAGE,,"156,415",,,,"156,415"
MN,,"156,415",,,,"156,415"
96051,,"155,260",,,,"155,260"
LAKEHEAD,,"155,260",,,,"155,260"
CA,,"155,260",,,,"155,260"
72958,,,"153,709",,,"153,709"
WALDRON,,,"153,709",,,"153,709"
AR,,,"153,709",,,"153,709"
77089,,,"151,512",,,"151,512"
HOUSTON,,,"151,512",,,"151,512"
TX,,,"151,512",,,"151,512"
32696,,,,"151,448",,"151,448"
WILLISTON,,,,"151,448",,"151,448"
FL,,,,"151,448",,"151,448"
8520,,,"150,534",,,"150,534"
HIGHTSTOWN,,,"150,534",,,"150,534"
NJ,,,"150,534",,,"150,534"
33137,,,"150,495",,,"150,495"
MIAMI,,,"150,495",,,"150,495"
FL,,,"150,495",,,"150,495"
93602,,,,"150,413",,"150,413"
AUBERRY,,,,"150,413",,"150,413"
CA,,,,"150,413",,"150,413"
72501,"43,382",,"106,700",,,"150,082"
BATESVILLE,"43,382",,"106,700",,,"150,082"
AR,"43,382",,"106,700",,,"150,082"
31620,"150,050",,,,,"150,050"
ADEL,"150,050",,,,,"150,050"
GA,"150,050",,,,,"150,050"
36617,"150,017",,,,,"150,017"
MOBILE,"150,017",,,,,"150,017"
AL,"150,017",,,,,"150,017"
98933,,,,"150,000",,"150,000"
HARRAH,,,,"150,000",,"150,000"
WA,,,,"150,000",,"150,000"
98908,"150,000",,,,,"150,000"
YAKIMA,"150,000",,,,,"150,000"
WA,"150,000",,,,,"150,000"
73632,"150,000",,,,,"150,000"
CORDELL,"150,000",,,,,"150,000"
OK,"150,000",,,,,"150,000"
29407,,,,"150,000",,"150,000"
CHARLESTON,,,,"150,000",,"150,000"
SC,,,,"150,000",,"150,000"
95311,"149,726",,,,,"149,726"
COULTERVILLE,"149,726",,,,,"149,726"
CA,"149,726",,,,,"149,726"
33916,,"8,778","140,694",,,"149,472"
FORT MYERS,,"8,778","140,694",,,"149,472"
FL,,"8,778","140,694",,,"149,472"
15090,,,"148,353",,,"148,353"
WEXFORD,,,"148,353",,,"148,353"
PA,,,"148,353",,,"148,353"
24127,"147,391",,,,,"147,391"
NEW CASTLE,"147,391",,,,,"147,391"
VA,"147,391",,,,,"147,391"
70115,,,,"147,102",,"147,102"
NEW ORLEANS,,,,"147,102",,"147,102"
LA,,,,"147,102",,"147,102"
30436,"4,400","142,262",,,,"146,662"
LYONS,"4,400","142,262",,,,"146,662"
GA,"4,400","142,262",,,,"146,662"
39501,,,"94,822","17,555","34,010","146,387"
GULFPORT,,,"94,822",,"34,010","128,832"
MS,,,"94,822",,"34,010","128,832"
GULFPROT,,,,"17,555",,"17,555"
MS,,,,"17,555",,"17,555"
85003,,"145,982",,,,"145,982"
PHOENIX,,"145,982",,,,"145,982"
AZ,,"145,982",,,,"145,982"
97358,,,,"145,000",,"145,000"
LYONS,,,,"145,000",,"145,000"
OR,,,,"145,000",,"145,000"
19977,"144,420",,,,,"144,420"
SMYRNA,"144,420",,,,,"144,420"
DE,"144,420",,,,,"144,420"
90210,,"143,179",,,,"143,179"
BEVERLY HILLS,,"143,179",,,,"143,179"
CA,,"143,179",,,,"143,179"
70806,,,,"142,570",,"142,570"
BATON ROUGE,,,,"142,570",,"142,570"
LA,,,,"142,570",,"142,570"
80403,,,,"142,516",,"142,516"
GOLDEN,,,,"142,516",,"142,516"
CO,,,,"142,516",,"142,516"
36701,,"141,817",,,,"141,817"
SELMA,,"141,817",,,,"141,817"
AL,,"141,817",,,,"141,817"
75803,"141,679",,,,,"141,679"
PALESTINE,"141,679",,,,,"141,679"
TX,"141,679",,,,,"141,679"
19734,,,,"141,637",,"141,637"
TOWNSEND,,,,"141,637",,"141,637"
DE,,,,"141,637",,"141,637"
74126,,"141,550",,,,"141,550"
TULSA,,"141,550",,,,"141,550"
OK,,"141,550",,,,"141,550"
8065,,,,"141,011",,"141,011"
PALMYRA,,,,"141,011",,"141,011"
NJ,,,,"141,011",,"141,011"
37854,,,"140,821",,,"140,821"
ROCKWOOD,,,"140,821",,,"140,821"
TN,,,"140,821",,,"140,821"
46534,"133,893",,"6,609",,,"140,502"
KNOX,"133,893",,"6,609",,,"140,502"
IN,"133,893",,"6,609",,,"140,502"
47451,,,,"140,500",,"140,500"
OOLITIC,,,,"140,500",,"140,500"
IN,,,,"140,500",,"140,500"
28301,,,,"140,299",,"140,299"
FAYETTEVILLE,,,,"140,299",,"140,299"
NC,,,,"140,299",,"140,299"
7112,,,"140,200",,,"140,200"
NEWARK,,,"140,200",,,"140,200"
NJ,,,"140,200",,,"140,200"
95469,,"140,000",,,,"140,000"
POTTER VALLEY,,"140,000",,,,"140,000"
CA,,"140,000",,,,"140,000"
77489,,,"139,414",,,"139,414"
MISSOURI CITY,,,"139,414",,,"139,414"
TX,,,"139,414",,,"139,414"
85035,,"46,789",0,"92,288",,"139,077"
PHOENIX,,"46,789",0,"92,288",,"139,077"
AZ,,"46,789",0,"92,288",,"139,077"
35208,,,,"139,019",,"139,019"
BIRMINGHAM,,,,"139,019",,"139,019"
AL,,,,"139,019",,"139,019"
70601,"60,000",,"51,032",,"27,460","138,492"
LAKE CHARLES,"60,000",,"51,032",,"27,460","138,492"
LA,"60,000",,"51,032",,"27,460","138,492"
77449,"138,456",,,,,"138,456"
KATY,"138,456",,,,,"138,456"
TX,"138,456",,,,,"138,456"
85041,,"113,885","23,528",,,"137,413"
PHOENIX,,"113,885","23,528",,,"137,413"
AZ,,"113,885","23,528",,,"137,413"
75041,,,,,"137,000","137,000"
GARLAND,,,,,"137,000","137,000"
TX,,,,,"137,000","137,000"
46409,"136,928",,,,,"136,928"
GARY,"136,928",,,,,"136,928"
IN,"136,928",,,,,"136,928"
30650,"136,663",,,,,"136,663"
MADISON,"136,663",,,,,"136,663"
GA,"136,663",,,,,"136,663"
95476,"136,552",,,,,"136,552"
SONOMA,"136,552",,,,,"136,552"
CA,"136,552",,,,,"136,552"
6712,"136,535",,,,,"136,535"
PROSPECT,"136,535",,,,,"136,535"
CT,"136,535",,,,,"136,535"
81082,,,,"136,000",,"136,000"
TRINIDAD,,,,"136,000",,"136,000"
CO,,,,"136,000",,"136,000"
77632,"127,500",,,,"7,589","135,089"
ORANGE,"127,500",,,,"7,589","135,089"
TX,"127,500",,,,"7,589","135,089"
74442,,,,,"135,000","135,000"
INDIANOLA,,,,,"135,000","135,000"
OK,,,,,"135,000","135,000"
27587,,,"134,825",,,"134,825"
WAKE FOREST,,,"134,825",,,"134,825"
NC,,,"134,825",,,"134,825"
78852,,"1,383",,"133,111",,"134,494"
EAGLE PASS,,"1,383",,"133,111",,"134,494"
TX,,"1,383",,"133,111",,"134,494"
72834,,"134,449",,,,"134,449"
DARDANELLE,,"134,449",,,,"134,449"
AR,,"134,449",,,,"134,449"
38941,,"133,850",,,,"133,850"
ITTA BENA,,"133,850",,,,"133,850"
MS,,"133,850",,,,"133,850"
85924,,,,"133,287",,"133,287"
CONCHO,,,,"133,287",,"133,287"
AZ,,,,"133,287",,"133,287"
39203,,"133,275",,,,"133,275"
JACKSON,,"133,275",,,,"133,275"
MS,,"133,275",,,,"133,275"
81003,,"130,272",,,,"130,272"
PUEBLO,,"130,272",,,,"130,272"
CO,,"130,272",,,,"130,272"
60654,"130,037",,,,,"130,037"
CHICAGO,"130,037",,,,,"130,037"
IL,"130,037",,,,,"130,037"
60628,,"129,625",,,,"129,625"
CHICAGO,,"129,625",,,,"129,625"
IL,,"129,625",,,,"129,625"
46996,,,"129,125",,,"129,125"
WINAMAC,,,"129,125",,,"129,125"
IN,,,"129,125",,,"129,125"
85541,,"128,982",,,,"128,982"
PAYSON,,"128,982",,,,"128,982"
AZ,,"128,982",,,,"128,982"
32751,,"126,671",,,,"126,671"
MAITLAND,,"126,671",,,,"126,671"
FL,,"126,671",,,,"126,671"
33055,,,"13,968","112,559",,"126,527"
MIAMI GARDENS,,,"13,968","112,559",,"126,527"
FL,,,"13,968","112,559",,"126,527"
85937,"126,000",,,,,"126,000"
SNOWFLAKE,"126,000",,,,,"126,000"
AZ,"126,000",,,,,"126,000"
4768,,,,,"125,705","125,705"
PORTAGE,,,,,"125,705","125,705"
ME,,,,,"125,705","125,705"
55731,,"125,100",,,,"125,100"
ELY,,"125,100",,,,"125,100"
MN,,"125,100",,,,"125,100"
85533,,"125,000",,,,"125,000"
CLIFTON,,"125,000",,,,"125,000"
AZ,,"125,000",,,,"125,000"
63821,,"125,000",,,,"125,000"
ARBYRD,,"125,000",,,,"125,000"
MO,,"125,000",,,,"125,000"
31064,,"125,000",,,,"125,000"
MONTICELLO,,"125,000",,,,"125,000"
GA,,"125,000",,,,"125,000"
32413,,,"122,973",,,"122,973"
PANAMA CITY BEACH,,,"122,973",,,"122,973"
FL,,,"122,973",,,"122,973"
76106,,"66,674","56,148",,,"122,823"
FORT WORTH,,"66,674","56,148",,,"122,823"
TX,,"66,674","56,148",,,"122,823"
81126,,,,,"122,818","122,818"
CHAMA,,,,,"122,818","122,818"
CO,,,,,"122,818","122,818"
33605,,,"122,582",,,"122,582"
TAMPA,,,"122,582",,,"122,582"
FL,,,"122,582",,,"122,582"
31408,,"122,004",,,,"122,004"
GARDEN CITY,,"122,004",,,,"122,004"
GA,,"122,004",,,,"122,004"
85021,"41,021","80,719",,,,"121,741"
PHOENIX,"41,021","80,719",,,,"121,741"
AZ,"41,021","80,719",,,,"121,741"
95470,"121,174",,,,,"121,174"
REDWOOD VALLEY,"121,174",,,,,"121,174"
CA,"121,174",,,,,"121,174"
31829,,,,,"120,000","120,000"
COLUMBUS,,,,,"120,000","120,000"
GA,,,,,"120,000","120,000"
28539,"119,730",,,,,"119,730"
HUBERT,"119,730",,,,,"119,730"
NC,"119,730",,,,,"119,730"
59105,,,,"118,389",,"118,389"
BILLINGS,,,,"118,389",,"118,389"
MT,,,,"118,389",,"118,389"
23507,"118,240",,,,,"118,240"
NORFOLK,"118,240",,,,,"118,240"
VA,"118,240",,,,,"118,240"
44010,,"116,710",,,,"116,710"
AUSTINBURG,,"116,710",,,,"116,710"
OH,,"116,710",,,,"116,710"
39470,,"5,700","76,250","34,712",,"116,662"
POPLARVILLE,,"5,700","76,250","34,712",,"116,662"
MS,,"5,700","76,250","34,712",,"116,662"
34951,,,"116,243",,,"116,243"
FORT PIERCE,,,"116,243",,,"116,243"
FL,,,"116,243",,,"116,243"
35673,"116,175",,,,,"116,175"
TRINITY,"116,175",,,,,"116,175"
AL,"116,175",,,,,"116,175"
71701,,,,"116,000",,"116,000"
CAMDEN,,,,"116,000",,"116,000"
AR,,,,"116,000",,"116,000"
36610,"32,400","83,000",,,,"115,400"
MOBILE,"32,400",,,,,"32,400"
AL,"32,400",,,,,"32,400"
PRICHARD,,"83,000",,,,"83,000"
AL,,"83,000",,,,"83,000"
99114,"73,240","40,000",,,,"113,240"
COLVILLE,"73,240","40,000",,,,"113,240"
WA,"73,240","40,000",,,,"113,240"
30224,,,,,"113,000","113,000"
GRIFFIN,,,,,"113,000","113,000"
GA,,,,,"113,000","113,000"
79510,,,,"112,500",,"112,500"
CLYDE,,,,"112,500",,"112,500"
TX,,,,"112,500",,"112,500"
88210,"112,150",,,,,"112,150"
ARTESIA,"112,150",,,,,"112,150"
NM,"112,150",,,,,"112,150"
99117,,"112,141",,,,"112,141"
CRESTON,,"112,141",,,,"112,141"
WA,,"112,141",,,,"112,141"
29450,,"112,058",,,,"112,058"
HUGER,,"112,058",,,,"112,058"
SC,,"112,058",,,,"112,058"
33556,,,,,"111,801","111,801"
ODESSA,,,,,"111,801","111,801"
FL,,,,,"111,801","111,801"
33143,,0,"46,515",,"65,045","111,560"
CORAL GABLES,,,"46,515",,,"46,515"
FL,,,"46,515",,,"46,515"
MIAMI,,,,,"65,045","65,045"
FL,,,,,"65,045","65,045"
SOUTH MIAMI,,0,,,,0
FL,,0,,,,0
66534,,"111,019",,,,"111,019"
SABETHA,,"111,019",,,,"111,019"
KS,,"111,019",,,,"111,019"
98671,,,,"110,000",,"110,000"
WASHOUGAL,,,,"110,000",,"110,000"
WA,,,,"110,000",,"110,000"
98408,"110,000",,,,,"110,000"
TACOMA,"110,000",,,,,"110,000"
WA,"110,000",,,,,"110,000"
43731,,,,,"110,000","110,000"
CROOKSVILLE,,,,,"110,000","110,000"
OH,,,,,"110,000","110,000"
33024,,"109,027",,,,"109,027"
HOLLYWOOD,,"109,027",,,,"109,027"
FL,,"109,027",,,,"109,027"
73107,,,,,"108,982","108,982"
OKLAHOMA CITY,,,,,"108,982","108,982"
OK,,,,,"108,982","108,982"
89106,,287,,"108,000",,"108,287"
LAS VEGAS,,287,,"108,000",,"108,287"
NV,,287,,"108,000",,"108,287"
76140,,659,,,"107,507","108,166"
FOREST HILL,,,,,"107,507","107,507"
TX,,,,,"107,507","107,507"
FORT WORTH,,659,,,,659
TX,,659,,,,659
33411,,,,,"107,994","107,994"
ROYAL PALM BEACH,,,,,"107,994","107,994"
FL,,,,,"107,994","107,994"
78223,,,,,"107,832","107,832"
SAN ANTONIO,,,,,"107,832","107,832"
TX,,,,,"107,832","107,832"
81224,,,,,"107,797","107,797"
CRESTED BUTTE,,,,,"107,797","107,797"
CO,,,,,"107,797","107,797"
87571,,,"107,793",,,"107,793"
TAOS,,,"107,793",,,"107,793"
NM,,,"107,793",,,"107,793"
77707,,,,"107,480",,"107,480"
BEAUMONT,,,,"107,480",,"107,480"
TX,,,,"107,480",,"107,480"
85051,,,,"107,409",,"107,409"
PHOENIX,,,,"107,409",,"107,409"
AZ,,,,"107,409",,"107,409"
27604,,,"107,335",,,"107,335"
RALEIGH,,,"107,335",,,"107,335"
NC,,,"107,335",,,"107,335"
29572,,,,,"106,636","106,636"
MYRTLE BEACH,,,,,"106,636","106,636"
SC,,,,,"106,636","106,636"
81063,,,,"105,570",,"105,570"
ORDWAY,,,,"105,570",,"105,570"
CO,,,,"105,570",,"105,570"
33056,,,"94,097",,"11,363","105,460"
MIAMI GARDENS,,,"94,097",,"11,363","105,460"
FL,,,"94,097",,"11,363","105,460"
28746,"105,047",,,,,"105,047"
LAKE LURE,"105,047",,,,,"105,047"
NC,"105,047",,,,,"105,047"
82301,,,,,"105,000","105,000"
RAWLINS,,,,,"105,000","105,000"
WY,,,,,"105,000","105,000"
59820,,,"104,086",,,"104,086"
ALBERTON,,,"104,086",,,"104,086"
MT,,,"104,086",,,"104,086"
47501,,,,,"104,000","104,000"
WASHINGTON,,,,,"104,000","104,000"
IN,,,,,"104,000","104,000"
36607,,"2,754","30,000","70,000",,"102,754"
MOBILE,,"2,754","30,000","70,000",,"102,754"
AL,,"2,754","30,000","70,000",,"102,754"
39573,,,"101,512",,,"101,512"
PERKINSTON,,,"101,512",,,"101,512"
MS,,,"101,512",,,"101,512"
95338,"93,945","7,395",,,,"101,340"
MARIPOSA,"93,945","7,395",,,,"101,340"
CA,"93,945","7,395",,,,"101,340"
94552,,,"100,900",,,"100,900"
CASTRO VALLEY,,,"100,900",,,"100,900"
CA,,,"100,900",,,"100,900"
11706,,"100,656",,,,"100,656"
BAY SHORE,,"100,656",,,,"100,656"
NY,,"100,656",,,,"100,656"
12205,,,,"100,605",,"100,605"
ALBANY,,,,"100,605",,"100,605"
NY,,,,"100,605",,"100,605"
85281,,"100,000",,,,"100,000"
TEMPE,,"100,000",,,,"100,000"
AZ,,"100,000",,,,"100,000"
85006,,,"100,000",,,"100,000"
PHOENIX,,,"100,000",,,"100,000"
AZ,,,"100,000",,,"100,000"
47303,,"100,000",,,,"100,000"
MUNCIE,,"100,000",,,,"100,000"
IN,,"100,000",,,,"100,000"
7002,"100,000",,,,,"100,000"
BAYONNE,"100,000",,,,,"100,000"
NJ,"100,000",,,,,"100,000"
49887,,,,"99,908",,"99,908"
STEPHENSON,,,,"99,908",,"99,908"
MI,,,,"99,908",,"99,908"
2090,,"97,606",,,,"97,606"
WESTWOOD,,"97,606",,,,"97,606"
MA,,"97,606",,,,"97,606"
89503,"97,360",,,,,"97,360"
RENO,"97,360",,,,,"97,360"
NV,"97,360",,,,,"97,360"
33904,,,,"96,945",,"96,945"
CAPE CORAL,,,,"96,945",,"96,945"
FL,,,,"96,945",,"96,945"
47327,,"96,500",,,,"96,500"
CAMBRIDGE CITY,,"96,500",,,,"96,500"
IN,,"96,500",,,,"96,500"
19150,,"96,071",,,,"96,071"
PHILADELPHIA,,"96,071",,,,"96,071"
PA,,"96,071",,,,"96,071"
8232,,"95,932",,,,"95,932"
PLEASANTVILLE,,"95,932",,,,"95,932"
NJ,,"95,932",,,,"95,932"
97466,,,,"95,648",,"95,648"
POWERS,,,,"95,648",,"95,648"
OR,,,,"95,648",,"95,648"
32904,,,"95,584",,,"95,584"
MELBOURNE,,,"95,584",,,"95,584"
FL,,,"95,584",,,"95,584"
76031,,"95,433",,,,"95,433"
CLEBURNE,,"95,433",,,,"95,433"
TX,,"95,433",,,,"95,433"
98597,"95,000",,,,,"95,000"
YELM,"95,000",,,,,"95,000"
WA,"95,000",,,,,"95,000"
97342,,,,"95,000",,"95,000"
DETROIT,,,,"95,000",,"95,000"
OR,,,,"95,000",,"95,000"
78202,,,,"94,902",,"94,902"
SAN ANTONIO,,,,"94,902",,"94,902"
TX,,,,"94,902",,"94,902"
85009,,,,"94,821",,"94,821"
PHOENIX,,,,"94,821",,"94,821"
AZ,,,,"94,821",,"94,821"
56431,,,"94,687",,,"94,687"
AITKIN,,,"94,687",,,"94,687"
MN,,,"94,687",,,"94,687"
76645,,,,"94,242",,"94,242"
"HILLSBORO, HILL CO.",,,,"94,242",,"94,242"
TX,,,,"94,242",,"94,242"
99163,,,"94,014",,,"94,014"
PULLMAN,,,"94,014",,,"94,014"
WA,,,"94,014",,,"94,014"
99201,,,"93,575",,,"93,575"
SPOKANE,,,"93,575",,,"93,575"
WA,,,"93,575",,,"93,575"
31318,,,,,"91,000","91,000"
MELDRIM,,,,,"91,000","91,000"
GA,,,,,"91,000","91,000"
39110,,"90,873",,,,"90,873"
MADISON,,"90,873",,,,"90,873"
MS,,"90,873",,,,"90,873"
76265,,,,"90,764",,"90,764"
SAINT JO,,,,"90,764",,"90,764"
TX,,,,"90,764",,"90,764"
70750,,,,"90,541",,"90,541"
KROTZ SPRINGS,,,,"90,541",,"90,541"
LA,,,,"90,541",,"90,541"
98901,"49,951",,"10,400","30,000",,"90,351"
YAKIMA,"49,951",,"10,400","30,000",,"90,351"
WA,"49,951",,"10,400","30,000",,"90,351"
73738,,,"90,273",,,"90,273"
GARBER,,,"90,273",,,"90,273"
OK,,,"90,273",,,"90,273"
29577,,,,"90,268",,"90,268"
MYRTLE BEACH,,,,"90,268",,"90,268"
SC,,,,"90,268",,"90,268"
95608,,"90,065",,,,"90,065"
CARMICHAEL,,"90,065",,,,"90,065"
CA,,"90,065",,,,"90,065"
43204,"90,000",,,,,"90,000"
COLUMBUS,"90,000",,,,,"90,000"
OH,"90,000",,,,,"90,000"
51572,,,,,"90,000","90,000"
SOLDIER,,,,,"90,000","90,000"
IA,,,,,"90,000","90,000"
31308,,,"90,000",,,"90,000"
ELLABELL,,,"90,000",,,"90,000"
GA,,,"90,000",,,"90,000"
97502,,,"89,738",,,"89,738"
CENTRAL POINT,,,"89,738",,,"89,738"
OR,,,"89,738",,,"89,738"
85192,,,,,"89,182","89,182"
DUDLEYVILLE,,,,,"1,018","1,018"
AZ,,,,,"1,018","1,018"
WINKELMAN,,,,,"88,164","88,164"
AZ,,,,,"88,164","88,164"
98520,"47,063",,"42,000",,,"89,063"
ABERDEEN,"47,063",,"42,000",,,"89,063"
WA,"47,063",,"42,000",,,"89,063"
33032,,"7,598","53,572","27,878",,"89,048"
HOMESTEAD,,"7,598","53,572","27,878",,"89,048"
FL,,"7,598","53,572","27,878",,"89,048"
6226,,"88,270",,,,"88,270"
WILLIMANTIC,,"88,270",,,,"88,270"
CT,,"88,270",,,,"88,270"
39213,,,,"87,966",,"87,966"
JACKSON,,,,"87,966",,"87,966"
MS,,,,"87,966",,"87,966"
98577,,,,,"87,725","87,725"
RAYMOND,,,,,"87,725","87,725"
WA,,,,,"87,725","87,725"
78596,,"3,326",,"84,000",,"87,326"
WESLACO,,"3,326",,"84,000",,"87,326"
TX,,"3,326",,"84,000",,"87,326"
77586,,,"87,095",,,"87,095"
SEABROOK,,,"87,095",,,"87,095"
TX,,,"87,095",,,"87,095"
74834,,,"87,000",,,"87,000"
CHANDLER,,,"87,000",,,"87,000"
OK,,,"87,000",,,"87,000"
31324,,,"86,869",,,"86,869"
RICHMOND HILL,,,"86,869",,,"86,869"
GA,,,"86,869",,,"86,869"
35224,"86,261",,,,,"86,261"
BIRMINGHAM,"86,261",,,,,"86,261"
AL,"86,261",,,,,"86,261"
59725,,,"86,000",,,"86,000"
DILLON,,,"86,000",,,"86,000"
MT,,,"86,000",,,"86,000"
55370,,"85,969",,,,"85,969"
PLATO,,"85,969",,,,"85,969"
MN,,"85,969",,,,"85,969"
29554,,"85,875",,,,"85,875"
HEMINGWAY,,"85,875",,,,"85,875"
SC,,"85,875",,,,"85,875"
61832,"85,000",,,,,"85,000"
DANVILLE,"85,000",,,,,"85,000"
IL,"85,000",,,,,"85,000"
36522,,"44,904","40,000",,,"84,904"
CITRONELLE,,"44,904","40,000",,,"84,904"
AL,,"44,904","40,000",,,"84,904"
36582,,"84,621",,,,"84,621"
THEODORE,,"84,621",,,,"84,621"
AL,,"84,621",,,,"84,621"
70810,,"84,473",,,,"84,473"
BATON ROUGE,,"84,473",,,,"84,473"
LA,,"84,473",,,,"84,473"
99347,,,,"84,300",,"84,300"
POMEROY,,,,"84,300",,"84,300"
WA,,,,"84,300",,"84,300"
39553,,"76,100","7,630",,,"83,730"
GAUTIER,,"76,100","7,630",,,"83,730"
MS,,"76,100","7,630",,,"83,730"
70124,,"83,309",,0,,"83,309"
NEW ORLEANS,,"83,309",,0,,"83,309"
LA,,"83,309",,0,,"83,309"
98570,,,,"83,000",,"83,000"
ONALASKA,,,,"83,000",,"83,000"
WA,,,,"83,000",,"83,000"
62957,,,"83,000",,,"83,000"
MCCLURE,,,"83,000",,,"83,000"
IL,,,"83,000",,,"83,000"
36560,,,"83,000",,,"83,000"
MOUNT VERNON,,,"83,000",,,"83,000"
AL,,,"83,000",,,"83,000"
33016,,,"82,827",,,"82,827"
MIAMI GARDENS,,,"82,827",,,"82,827"
FL,,,"82,827",,,"82,827"
29525,,"82,500",,,,"82,500"
CLIO,,"82,500",,,,"82,500"
SC,,"82,500",,,,"82,500"
82922,,"82,038",,,,"82,038"
BONDURANT,,"82,038",,,,"82,038"
WY,,"82,038",,,,"82,038"
74110,,,,"82,000",,"82,000"
TULSA,,,,"82,000",,"82,000"
OK,,,,"82,000",,"82,000"
6475,,,"81,864",,,"81,864"
OLD SAYBROOK,,,"81,864",,,"81,864"
CT,,,"81,864",,,"81,864"
23061,"81,849",,,,,"81,849"
GLOUCESTER,"81,849",,,,,"81,849"
VA,"81,849",,,,,"81,849"
13635,"81,547",,,,,"81,547"
EDWARDS,"81,547",,,,,"81,547"
NY,"81,547",,,,,"81,547"
70126,,"55,072",,,"26,289","81,361"
NEW ORLEANS,,"55,072",,,"26,289","81,361"
LA,,"55,072",,,"26,289","81,361"
28701,"80,983",,,,,"80,983"
GREENVILLE,"80,983",,,,,"80,983"
MS,"80,983",,,,,"80,983"
39212,,,,,"80,000","80,000"
JACKSON,,,,,"80,000","80,000"
MS,,,,,"80,000","80,000"
33610,,"79,764",,,,"79,764"
TAMPA,,"79,764",,,,"79,764"
FL,,"79,764",,,,"79,764"
31522,,"79,711",,,,"79,711"
BRUNSWICK,,"71,826",,,,"71,826"
GA,,"71,826",,,,"71,826"
SAINT SIMONS ISLAND,,"7,885",,,,"7,885"
GA,,"7,885",,,,"7,885"
70615,,"79,418",,,,"79,418"
LAKE CHARLES,,"79,418",,,,"79,418"
LA,,"79,418",,,,"79,418"
54020,,,,,"79,411","79,411"
OSCEOLA,,,,,"79,411","79,411"
WI,,,,,"79,411","79,411"
95006,,,,"79,035",,"79,035"
BOULDER CREEK,,,,"79,035",,"79,035"
CA,,,,"79,035",,"79,035"
46236,,,,"77,863",,"77,863"
INDIANAPOLIS,,,,"77,863",,"77,863"
IN,,,,"77,863",,"77,863"
33872,,"77,712",,,,"77,712"
SEBRING,,"77,712",,,,"77,712"
FL,,"77,712",,,,"77,712"
39503,,,615,"76,993",,"77,608"
GULFPORT,,,615,"76,993",,"77,608"
MS,,,615,"76,993",,"77,608"
88316,,,"77,058",,,"77,058"
CAPITAN,,,"77,058",,,"77,058"
NM,,,"77,058",,,"77,058"
30683,,"76,779",,,,"76,779"
WINTERVILLE,,"76,779",,,,"76,779"
GA,,"76,779",,,,"76,779"
46614,,,"76,403",,,"76,403"
SOUTH BEND,,,"76,403",,,"76,403"
IN,,,"76,403",,,"76,403"
85321,,"36,000","40,000",,,"76,000"
AJO,,"36,000","40,000",,,"76,000"
AZ,,"36,000","40,000",,,"76,000"
83805,,,"75,500",,,"75,500"
BONNERS FERRY,,,"75,500",,,"75,500"
ID,,,"75,500",,,"75,500"
88101,"47,600","27,676",,,,"75,276"
CLOVIS,"47,600","27,676",,,,"75,276"
NM,"47,600","27,676",,,,"75,276"
74820,,,"75,000",,,"75,000"
ADA,,,"75,000",,,"75,000"
OK,,,"75,000",,,"75,000"
75937,,,"75,000",,,"75,000"
CHIRENO,,,"75,000",,,"75,000"
TX,,,"75,000",,,"75,000"
77051,,,"75,000",,,"75,000"
HOUSTON,,,"75,000",,,"75,000"
TX,,,"75,000",,,"75,000"
35045,"74,826",,,,,"74,826"
CLANTON,"74,826",,,,,"74,826"
AL,"74,826",,,,,"74,826"
53181,,,"74,043",,,"74,043"
TWIN LAKES,,,"74,043",,,"74,043"
WI,,,"74,043",,,"74,043"
33184,,,"72,109",,,"72,109"
MIAMI,,,"72,109",,,"72,109"
FL,,,"72,109",,,"72,109"
98223,,"72,039",,,,"72,039"
ARLINGTON,,"72,039",,,,"72,039"
WA,,"72,039",,,,"72,039"
79104,,,"71,562",,,"71,562"
AMARILLO,,,"71,562",,,"71,562"
TX,,,"71,562",,,"71,562"
85255,,"70,735",,,,"70,735"
SCOTTSDALE,,"70,735",,,,"70,735"
AZ,,"70,735",,,,"70,735"
76010,,"70,504",,,,"70,504"
ARLINGTON,,"70,504",,,,"70,504"
TX,,"70,504",,,,"70,504"
6354,,,,"70,450",,"70,450"
MOOSUP,,,,"70,450",,"70,450"
CT,,,,"70,450",,"70,450"
88240,,,,"70,000",,"70,000"
HOBBS,,,,"70,000",,"70,000"
NM,,,,"70,000",,"70,000"
60140,,,,,"70,000","70,000"
HAMPSHIRE,,,,,"70,000","70,000"
IL,,,,,"70,000","70,000"
24966,,"70,000",,,,"70,000"
RENICK,,"70,000",,,,"70,000"
WV,,"70,000",,,,"70,000"
36618,,,,"69,827",,"69,827"
MOBILE,,,,"69,827",,"69,827"
AL,,,,"69,827",,"69,827"
19143,,,,"69,126",,"69,126"
PHILADELPHIA,,,,"69,126",,"69,126"
PA,,,,"69,126",,"69,126"
8203,"68,947",,,,,"68,947"
BRIGANTINE,"68,947",,,,,"68,947"
NJ,"68,947",,,,,"68,947"
95446,,,,"68,632",,"68,632"
GUERNEVILLE,,,,"68,632",,"68,632"
CA,,,,"68,632",,"68,632"
15610,,,,"68,573",,"68,573"
ACME,,,,"68,573",,"68,573"
PA,,,,"68,573",,"68,573"
78576,"68,281",,,,,"68,281"
PENITAS,"68,281",,,,,"68,281"
TX,"68,281",,,,,"68,281"
31707,"68,200",,,,,"68,200"
ALBANY,"68,200",,,,,"68,200"
GA,"68,200",,,,,"68,200"
71105,,,,"6,517","61,363","67,880"
SHREVEPORT,,,,"6,517","61,363","67,880"
LA,,,,"6,517","61,363","67,880"
35206,0,,"67,853",,,"67,853"
BIRMINGHAM,0,,"67,853",,,"67,853"
AL,0,,"67,853",,,"67,853"
99006,,"67,800",,,,"67,800"
DEER PARK,,"67,800",,,,"67,800"
WA,,"67,800",,,,"67,800"
4005,,,,"67,455",,"67,455"
BIDDEFORD,,,,"67,455",,"67,455"
ME,,,,"67,455",,"67,455"
33026,,,,,"67,050","67,050"
HOLLYWOOD,,,,,"67,050","67,050"
FL,,,,,"67,050","67,050"
33472,,,,"67,029",,"67,029"
BOYNTON BEACH,,,,"67,029",,"67,029"
FL,,,,"67,029",,"67,029"
53206,,"34,949","31,863",,,"66,812"
MILWAUKEE,,"34,949","31,863",,,"66,812"
WI,,"34,949","31,863",,,"66,812"
95942,"36,309","30,491",,,,"66,800"
FOREST RANCH,"36,309","30,491",,,,"66,800"
CA,"36,309","30,491",,,,"66,800"
80421,,"66,618",,,,"66,618"
BAILEY,,"66,618",,,,"66,618"
CO,,"66,618",,,,"66,618"
98922,,,,"66,089",,"66,089"
CLE ELUM,,,,"66,089",,"66,089"
WA,,,,"66,089",,"66,089"
85361,,,,,"65,000","65,000"
WITTMANN,,,,,"65,000","65,000"
AZ,,,,,"65,000","65,000"
39562,,"38,219","1,725","24,332",,"64,277"
MOSS POINT,,"38,219","1,725","24,332",,"64,277"
MS,,"38,219","1,725","24,332",,"64,277"
36460,,,,"64,232",,"64,232"
MONROEVILLE,,,,"64,232",,"64,232"
AL,,,,"64,232",,"64,232"
66023,,,,,"63,329","63,329"
EFFINGHAM,,,,,"63,329","63,329"
KS,,,,,"63,329","63,329"
28078,,"63,029",,,,"63,029"
HUNTERSVILLE,,"63,029",,,,"63,029"
NC,,"63,029",,,,"63,029"
59921,,"63,000",,,,"63,000"
WEST GLACIER,,"63,000",,,,"63,000"
MT,,"63,000",,,,"63,000"
91344,,,"62,660",,,"62,660"
GRANADA HILLS,,,"62,660",,,"62,660"
CA,,,"62,660",,,"62,660"
23607,,,,"62,550",,"62,550"
NEWPORT NEWS,,,,"62,550",,"62,550"
VA,,,,"62,550",,"62,550"
7108,,,"62,000",,,"62,000"
NEWARK,,,"62,000",,,"62,000"
NJ,,,"62,000",,,"62,000"
35802,,"61,354",,,,"61,354"
HUNTSVILLE,,"61,354",,,,"61,354"
AL,,"61,354",,,,"61,354"
29303,"61,353",,,,,"61,353"
SPARTANBURG,"61,353",,,,,"61,353"
SC,"61,353",,,,,"61,353"
77905,,,,"60,500",,"60,500"
VICTORIA,,,,"60,500",,"60,500"
TX,,,,"60,500",,"60,500"
99403,"60,000",,,,,"60,000"
CLARKSTON,"60,000",,,,,"60,000"
WA,"60,000",,,,,"60,000"
83650,,"60,000",,,,"60,000"
SILVER CITY,,"60,000",,,,"60,000"
ID,,"60,000",,,,"60,000"
75426,,"60,000",,,,"60,000"
CLARKSVILLE,,"60,000",,,,"60,000"
TX,,"60,000",,,,"60,000"
82435,,,"60,000",,,"60,000"
POWELL,,,"60,000",,,"60,000"
WY,,,"60,000",,,"60,000"
46514,,"60,000",,,,"60,000"
ELKHART,,"60,000",,,,"60,000"
IN,,"60,000",,,,"60,000"
36693,0,,"60,000",,,"60,000"
MOBILE,0,,"60,000",,,"60,000"
AL,0,,"60,000",,,"60,000"
59404,,,,"60,000",,"60,000"
GREAT FALLS,,,,"60,000",,"60,000"
MT,,,,"60,000",,"60,000"
95450,,,,"59,932",,"59,932"
JENNER,,,,"59,932",,"59,932"
CA,,,,"59,932",,"59,932"
72801,"59,892",,,,,"59,892"
RUSSELLVILLE,"59,892",,,,,"59,892"
AR,"59,892",,,,,"59,892"
8723,,,"59,396",,,"59,396"
BRICK,,,"59,396",,,"59,396"
NJ,,,"59,396",,,"59,396"
64052,,"59,386",,,,"59,386"
INDEPENDENCE,,"59,386",,,,"59,386"
MO,,"59,386",,,,"59,386"
98311,,"59,248",,,,"59,248"
BREMERTON,,"59,248",,,,"59,248"
WA,,"59,248",,,,"59,248"
77058,,,,,"59,000","59,000"
HOUSTON,,,,,"59,000","59,000"
TX,,,,,"59,000","59,000"
84542,,,"58,885",,,"58,885"
WELLINGTON,,,"58,885",,,"58,885"
UT,,,"58,885",,,"58,885"
78332,,"58,651",,,,"58,651"
ALICE,,"58,651",,,,"58,651"
TX,,"58,651",,,,"58,651"
36526,,,,"58,616",,"58,616"
DAPHNE,,,,"58,616",,"58,616"
AL,,,,"58,616",,"58,616"
30701,,,"58,200",,,"58,200"
CALHOUN,,,"58,200",,,"58,200"
GA,,,"58,200",,,"58,200"
59457,"57,600",,,,,"57,600"
LEWISTOWN,"57,600",,,,,"57,600"
MT,"57,600",,,,,"57,600"
31323,,"56,955",,,,"56,955"
RICEBORO,,"56,955",,,,"56,955"
GA,,"56,955",,,,"56,955"
33177,"1,692",,"55,035",,,"56,726"
MIAMI,"1,692",,"55,035",,,"56,726"
FL,"1,692",,"55,035",,,"56,726"
33301,,,,"56,416",,"56,416"
FORT LAUDERDALE,,,,"56,416",,"56,416"
FL,,,,"56,416",,"56,416"
35988,"55,994",,,,,"55,994"
SYLVANIA,"55,994",,,,,"55,994"
AL,"55,994",,,,,"55,994"
7208,,,,,"55,424","55,424"
ELIZABETH,,,,,"55,424","55,424"
NJ,,,,,"55,424","55,424"
39466,,"39,530",0,"15,711",,"55,241"
PICAYUNE,,"39,530",0,"15,711",,"55,241"
MS,,"39,530",0,"15,711",,"55,241"
77515,"54,360",,,,,"54,360"
ANGLETON,"54,360",,,,,"54,360"
TX,"54,360",,,,,"54,360"
99202,,"53,995",,,,"53,995"
SPOKANE,,"53,995",,,,"53,995"
WA,,"53,995",,,,"53,995"
30286,,,"53,445",,,"53,445"
THOMASTON,,,"53,445",,,"53,445"
GA,,,"53,445",,,"53,445"
63863,,"52,500",,,,"52,500"
MALDEN,,"52,500",,,,"52,500"
MO,,"52,500",,,,"52,500"
65536,"52,000",,,,,"52,000"
LEBANON,"52,000",,,,,"52,000"
MO,"52,000",,,,,"52,000"
46041,,"51,780",,,,"51,780"
FRANKFORT,,"51,780",,,,"51,780"
IN,,"51,780",,,,"51,780"
77565,,,,"51,078",,"51,078"
KEMAH,,,,"51,078",,"51,078"
TX,,,,"51,078",,"51,078"
1970,,,,"50,524",,"50,524"
SALEM,,,,"50,524",,"50,524"
MA,,,,"50,524",,"50,524"
77033,,,"50,358",,,"50,358"
HOUSTON,,,"50,358",,,"50,358"
TX,,,"50,358",,,"50,358"
39056,,"50,236",,,,"50,236"
CLINTON,,"50,236",,,,"50,236"
MS,,"50,236",,,,"50,236"
79201,,"50,060",,,,"50,060"
CHILDRESS,,"50,060",,,,"50,060"
TX,,"50,060",,,,"50,060"
97415,"50,000",,,,,"50,000"
BROOKINGS,"50,000",,,,,"50,000"
OR,"50,000",,,,,"50,000"
85306,,,"50,000",,,"50,000"
GLENDALE,,,"50,000",,,"50,000"
AZ,,,"50,000",,,"50,000"
73729,,,"50,000",,,"50,000"
CLEO SPRINGS,,,"50,000",,,"50,000"
OK,,,"50,000",,,"50,000"
62204,,,,"50,000",,"50,000"
EAST SAINT LOUIS,,,,"50,000",,"50,000"
IL,,,,"50,000",,"50,000"
35205,,,"50,000",,,"50,000"
BIRMINGHAM,,,"50,000",,,"50,000"
AL,,,"50,000",,,"50,000"
77627,0,,"49,307",,,"49,307"
NEDERLAND,0,,"49,307",,,"49,307"
TX,0,,"49,307",,,"49,307"
60402,,,"48,696",,,"48,696"
BERWYN,,,"48,696",,,"48,696"
IL,,,"48,696",,,"48,696"
75229,,,"48,432",,,"48,432"
DALLAS,,,"48,432",,,"48,432"
TX,,,"48,432",,,"48,432"
43125,,"48,381",,,,"48,381"
GROVEPORT,,"48,381",,,,"48,381"
OH,,"48,381",,,,"48,381"
88353,,"48,240",,,,"48,240"
VAUGHN,,"48,240",,,,"48,240"
NM,,"48,240",,,,"48,240"
52224,"48,000",,,,,"48,000"
DYSART,"48,000",,,,,"48,000"
IA,"48,000",,,,,"48,000"
99341,,"47,800",,,,"47,800"
LIND,,"47,800",,,,"47,800"
WA,,"47,800",,,,"47,800"
77373,,,,"47,242",,"47,242"
"SPRING, HARRIS CO.",,,,"47,242",,"47,242"
TX,,,,"47,242",,"47,242"
30741,,0,,"47,124",,"47,124"
ROSSVILLE,,0,,"47,124",,"47,124"
GA,,0,,"47,124",,"47,124"
76233,,,"46,994",,,"46,994"
COLLINSVILLE,,,"46,994",,,"46,994"
TX,,,"46,994",,,"46,994"
83236,"46,852",,,,,"46,852"
FIRTH,"46,852",,,,,"46,852"
ID,"46,852",,,,,"46,852"
70117,"30,025",725,,"16,024",,"46,774"
NEW ORLEANS,"30,025",725,,"16,024",,"46,774"
LA,"30,025",725,,"16,024",,"46,774"
33020,,"28,499",,0,"18,244","46,743"
HOLLYWOOD,,"28,499",,0,"18,244","46,743"
FL,,"28,499",,0,"18,244","46,743"
55920,,"46,731",,,,"46,731"
BYRON,,"46,731",,,,"46,731"
MN,,"46,731",,,,"46,731"
33033,,"46,541",,,,"46,541"
HOMESTEAD,,"46,541",,,,"46,541"
FL,,"46,541",,,,"46,541"
85008,,,"46,436",,,"46,436"
PHOENIX,,,"46,436",,,"46,436"
AZ,,,"46,436",,,"46,436"
98366,,,"46,160",,,"46,160"
PORT ORCHARD,,,"46,160",,,"46,160"
WA,,,"46,160",,,"46,160"
8751,,,,"37,853","8,113","45,965"
SEASIDE HEIGHTS,,,,,"8,113","8,113"
NJ,,,,,"8,113","8,113"
SEASIDE HGTS,,,,"37,853",,"37,853"
NJ,,,,"37,853",,"37,853"
28384,,,,"45,881",,"45,881"
SAINT PAULS,,,,"45,881",,"45,881"
NC,,,,"45,881",,"45,881"
86301,,,,"45,596",,"45,596"
PRESCOTT,,,,"45,596",,"45,596"
AZ,,,,"45,596",,"45,596"
70065,"14,951","27,018",,"3,559",0,"45,529"
KENNER,"14,951","27,018",,"3,559",0,"45,529"
LA,"14,951","27,018",,"3,559",0,"45,529"
23704,,"11,057",,,"34,281","45,338"
PORTSMOUTH,,"11,057",,,"34,281","45,338"
VA,,"11,057",,,"34,281","45,338"
95991,"45,000",,,,,"45,000"
YUBA CITY,"45,000",,,,,"45,000"
CA,"45,000",,,,,"45,000"
81152,"45,000",,,,,"45,000"
GARCIA,"45,000",,,,,"45,000"
CO,"45,000",,,,,"45,000"
77302,,,"45,000",,,"45,000"
CONROE,,,"45,000",,,"45,000"
TX,,,"45,000",,,"45,000"
36529,,"45,000",,,,"45,000"
DEER PARK,,"45,000",,,,"45,000"
AL,,"45,000",,,,"45,000"
38106,"45,000",,,,,"45,000"
MEMPHIS,"45,000",,,,,"45,000"
TN,"45,000",,,,,"45,000"
28544,,"44,233",,,,"44,233"
MIDWAY PARK,,"44,233",,,,"44,233"
NC,,"44,233",,,,"44,233"
83334,"44,167",,,,,"44,167"
HANSEN,"44,167",,,,,"44,167"
ID,"44,167",,,,,"44,167"
89021,,,"44,000",,,"44,000"
LOGANDALE,,,"44,000",,,"44,000"
NV,,,"44,000",,,"44,000"
99022,,,,"39,646","4,126","43,773"
MEDICAL LAKE,,,,"39,646","4,126","43,773"
WA,,,,"39,646","4,126","43,773"
28405,,,,,"43,597","43,597"
WILMINGTON,,,,,"43,597","43,597"
NC,,,,,"43,597","43,597"
97350,,,,"43,441",,"43,441"
IDANHA,,,,"43,441",,"43,441"
OR,,,,"43,441",,"43,441"
36542,,"33,947","8,404",,,"42,352"
GULF SHORES,,"33,947","8,404",,,"42,352"
AL,,"33,947","8,404",,,"42,352"
79603,,,,,"42,203","42,203"
"ABILENE, TAYLOR CO.",,,,,"42,203","42,203"
TX,,,,,"42,203","42,203"
33125,"42,165",,,,,"42,165"
MIAMI,"42,165",,,,,"42,165"
FL,"42,165",,,,,"42,165"
59032,,,,"42,000",,"42,000"
GRASS RANGE,,,,"42,000",,"42,000"
MT,,,,"42,000",,"42,000"
33014,"24,099",,,"17,898",,"41,997"
HIALEAH,"24,099",,,"17,898",,"41,997"
FL,"24,099",,,"17,898",,"41,997"
87059,"41,616",,,,,"41,616"
TIJERAS,"41,616",,,,,"41,616"
NM,"41,616",,,,,"41,616"
75115,"41,250",,,,,"41,250"
DESOTO,"41,250",,,,,"41,250"
TX,"41,250",,,,,"41,250"
36606,,"7,000","5,971","26,062","1,642","40,675"
MOBILE,,"7,000","5,971","26,062","1,642","40,675"
AL,,"7,000","5,971","26,062","1,642","40,675"
34668,"40,355",,,,,"40,355"
PORT RICHEY,"40,355",,,,,"40,355"
FL,"40,355",,,,,"40,355"
79601,"40,179",,,,,"40,179"
ABILENE,"40,179",,,,,"40,179"
TX,"40,179",,,,,"40,179"
70805,,,,,"40,158","40,158"
BATON ROUGE,,,,,"40,158","40,158"
LA,,,,,"40,158","40,158"
98951,,"40,000",,,,"40,000"
WAPATO,,"40,000",,,,"40,000"
WA,,"40,000",,,,"40,000"
31405,,,"40,000",,,"40,000"
SAVANNAH,,,"40,000",,,"40,000"
GA,,,"40,000",,,"40,000"
29545,,,,"40,000",,"40,000"
GREEN SEA,,,,"40,000",,"40,000"
SC,,,,"40,000",,"40,000"
33936,,,,"39,889",,"39,889"
LEHIGH,,,,"39,889",,"39,889"
FL,,,,"39,889",,"39,889"
30802,"39,844",,,,,"39,844"
APPLING,"39,844",,,,,"39,844"
GA,"39,844",,,,,"39,844"
86441,,,,,"39,327","39,327"
DOLAN SPRINGS,,,,,"39,327","39,327"
AZ,,,,,"39,327","39,327"
37209,,,"38,820",,,"38,820"
NASHVILLE,,,"38,820",,,"38,820"
TN,,,"38,820",,,"38,820"
31634,,,"38,603",,,"38,603"
HOMERVILLE,,,"38,603",,,"38,603"
GA,,,"38,603",,,"38,603"
38357,"38,508",,,,,"38,508"
MICHIE,"38,508",,,,,"38,508"
TN,"38,508",,,,,"38,508"
33012,,,"19,600","18,608",,"38,208"
HIALEAH,,,"19,600","18,608",,"38,208"
FL,,,"19,600","18,608",,"38,208"
36518,,,"38,000",,,"38,000"
CHATOM,,,"38,000",,,"38,000"
AL,,,"38,000",,,"38,000"
30238,,,,"38,000",,"38,000"
JONESBORO,,,,"38,000",,"38,000"
GA,,,,"38,000",,"38,000"
77024,,"37,949",,,,"37,949"
HOUSTON,,"37,949",,,,"37,949"
TX,,"37,949",,,,"37,949"
59840,,"25,550","12,166",,,"37,715"
HAMILTON,,"25,550","12,166",,,"37,715"
MT,,"25,550","12,166",,,"37,715"
77706,,,,"37,321",,"37,321"
BEAUMONT,,,,"37,321",,"37,321"
TX,,,,"37,321",,"37,321"
30016,,"37,316",,,,"37,316"
COVINGTON,,"37,316",,,,"37,316"
GA,,"37,316",,,,"37,316"
85268,"37,296",,,,,"37,296"
FOUNTAIN HILLS,"37,296",,,,,"37,296"
AZ,"37,296",,,,,"37,296"
81092,,,,,"37,000","37,000"
WILEY,,,,,"37,000","37,000"
CO,,,,,"37,000","37,000"
33023,,"37,000",,,,"37,000"
MIRAMAR,,"37,000",,,,"37,000"
FL,,"37,000",,,,"37,000"
77013,,,,"36,720",,"36,720"
HOUSTON,,,,"36,720",,"36,720"
TX,,,,"36,720",,"36,720"
30032,"36,500",,,,,"36,500"
DECATUR,"36,500",,,,,"36,500"
GA,"36,500",,,,,"36,500"
8854,"26,312",,,,"9,570","35,882"
PISCATAWAY,"26,312",,,,"9,570","35,882"
NJ,"26,312",,,,"9,570","35,882"
29564,,,"35,821",,,"35,821"
LANE,,,"35,821",,,"35,821"
SC,,,"35,821",,,"35,821"
77039,,"35,736",,,,"35,736"
HOUSTON,,"35,736",,,,"35,736"
TX,,"35,736",,,,"35,736"
64836,,,,"35,700",,"35,700"
CARTHAGE,,,,"35,700",,"35,700"
MO,,,,"35,700",,"35,700"
8079,,,,,"35,481","35,481"
SALEM,,,,,"35,481","35,481"
NJ,,,,,"35,481","35,481"
28390,,,,,"35,334","35,334"
SPRING LAKE,,,,,"35,334","35,334"
NC,,,,,"35,334","35,334"
75929,"35,276",,,,,"35,276"
BROADDUS,"35,276",,,,,"35,276"
TX,"35,276",,,,,"35,276"
31061,,"35,170",,,,"35,170"
MILLEDGEVILLE,,"35,170",,,,"35,170"
GA,,"35,170",,,,"35,170"
38843,"35,000",,,,,"35,000"
FULTON,"35,000",,,,,"35,000"
MS,"35,000",,,,,"35,000"
30153,"35,000",,,,,"35,000"
ROCKMART,"35,000",,,,,"35,000"
GA,"35,000",,,,,"35,000"
30901,,"35,000",,,,"35,000"
AUGUSTA,,"35,000",,,,"35,000"
GA,,"35,000",,,,"35,000"
99109,,"34,345",,,,"34,345"
CHEWELAH,,"34,345",,,,"34,345"
WA,,"34,345",,,,"34,345"
35211,,,,"34,331",,"34,331"
BIRMINGHAM,,,,"34,331",,"34,331"
AL,,,,"34,331",,"34,331"
36530,,,,,"34,215","34,215"
ELBERTA,,,,,"34,215","34,215"
AL,,,,,"34,215","34,215"
81004,"17,300","1,178",,"15,728",,"34,205"
PUEBLO,"17,300","1,178",,"15,728",,"34,205"
CO,"17,300","1,178",,"15,728",,"34,205"
6790,,,"34,002",,,"34,002"
TORRINGTON,,,"34,002",,,"34,002"
CT,,,"34,002",,,"34,002"
59601,"34,000",,,,,"34,000"
HELENA,"34,000",,,,,"34,000"
MT,"34,000",,,,,"34,000"
74401,"33,999",,,,,"33,999"
MUSKOGEE,"33,999",,,,,"33,999"
OK,"33,999",,,,,"33,999"
97635,,,,,"33,899","33,899"
NEW PINE CREEK,,,,,"33,899","33,899"
OR,,,,,"33,899","33,899"
75125,,,,,"33,588","33,588"
FERRIS,,,,,"33,588","33,588"
TX,,,,,"33,588","33,588"
87942,,"33,409",,,,"33,409"
WILLIAMSBURG,,"33,409",,,,"33,409"
NM,,"33,409",,,,"33,409"
83619,"33,000",,,,,"33,000"
FRUITLAND,"33,000",,,,,"33,000"
ID,"33,000",,,,,"33,000"
8302,,"32,725",,,,"32,725"
BRIDGETON,,"32,725",,,,"32,725"
NJ,,"32,725",,,,"32,725"
98550,,"32,665",,,,"32,665"
HOQUIAM,,"32,665",,,,"32,665"
WA,,"32,665",,,,"32,665"
98944,,,"8,604",,"23,947","32,551"
SUNNYSIDE,,,"8,604",,"23,947","32,551"
WA,,,"8,604",,"23,947","32,551"
33434,,"32,448",,,,"32,448"
BOCA RATON,,"32,448",,,,"32,448"
FL,,"32,448",,,,"32,448"
76028,,,,,"32,191","32,191"
BURLESON,,,,,"32,191","32,191"
TX,,,,,"32,191","32,191"
97266,,,,,"32,168","32,168"
PORTLAND,,,,,"32,168","32,168"
OR,,,,,"32,168","32,168"
29464,,,"32,104",,,"32,104"
MOUNT PLEASANT,,,"32,104",,,"32,104"
SC,,,"32,104",,,"32,104"
33144,,,"31,918",,,"31,918"
MIAMI,,,"21,509",,,"21,509"
FL,,,"21,509",,,"21,509"
WEST MIAMI,,,"10,409",,,"10,409"
FL,,,"10,409",,,"10,409"
89109,,"31,833",,,,"31,833"
LAS VEGAS,,"31,833",,,,"31,833"
NV,,"31,833",,,,"31,833"
21216,"31,391",,,,,"31,391"
BALTIMORE,"31,391",,,,,"31,391"
MD,"31,391",,,,,"31,391"
80439,,,,"31,314",,"31,314"
EVERGREEN,,,,"31,314",,"31,314"
CO,,,,"31,314",,"31,314"
63121,,"31,243",,,,"31,243"
SAINT LOUIS,,"31,243",,,,"31,243"
MO,,"31,243",,,,"31,243"
31803,,,,"31,200",,"31,200"
BUENA VISTA,,,,"31,200",,"31,200"
GA,,,,"31,200",,"31,200"
30501,,,"31,000",,,"31,000"
GAINESVILLE,,,"31,000",,,"31,000"
GA,,,"31,000",,,"31,000"
76119,,"30,936",,,,"30,936"
FORT WORTH,,"30,936",,,,"30,936"
TX,,"30,936",,,,"30,936"
33771,"7,034",,,"23,702",,"30,736"
LARGO,"7,034",,,"23,702",,"30,736"
FL,"7,034",,,"23,702",,"30,736"
92404,"30,735",,,,,"30,735"
SAN BERNARDINO,"30,735",,,,,"30,735"
CA,"30,735",,,,,"30,735"
97914,"30,547",,,,,"30,547"
ONTARIO,"30,547",,,,,"30,547"
OR,"30,547",,,,,"30,547"
60714,"30,037",,,,,"30,037"
NILES,"30,037",,,,,"30,037"
IL,"30,037",,,,,"30,037"
31204,"30,018",,,,,"30,018"
MACON,"30,018",,,,,"30,018"
GA,"30,018",,,,,"30,018"
85603,"30,000",,,,,"30,000"
BISBEE,"30,000",,,,,"30,000"
AZ,"30,000",,,,,"30,000"
31705,,"30,000",,,,"30,000"
ALBANY,,"30,000",,,,"30,000"
GA,,"30,000",,,,"30,000"
77486,"29,979",,,,,"29,979"
WEST COLUMBIA,"29,979",,,,,"29,979"
TX,"29,979",,,,,"29,979"
75227,,"29,653",,,,"29,653"
DALLAS,,"29,653",,,,"29,653"
TX,,"29,653",,,,"29,653"
6385,"29,627",,,,,"29,627"
WATERFORD,"29,627",,,,,"29,627"
CT,"29,627",,,,,"29,627"
8087,,,,"29,345",,"29,345"
TUCKERTON,,,,"29,345",,"29,345"
NJ,,,,"29,345",,"29,345"
77020,,,,,"29,295","29,295"
HOUSTON,,,,,"29,295","29,295"
TX,,,,,"29,295","29,295"
45804,,,"29,047",,,"29,047"
LIMA,,,"29,047",,,"29,047"
OH,,,"29,047",,,"29,047"
23111,,,"29,010",,,"29,010"
MECHANICSVILLE,,,"29,010",,,"29,010"
VA,,,"29,010",,,"29,010"
4849,,,,"29,000",,"29,000"
NORTHPORT,,,,"29,000",,"29,000"
ME,,,,"29,000",,"29,000"
39531,,,,"28,866",,"28,866"
BILOXI,,,,"28,866",,"28,866"
MS,,,,"28,866",,"28,866"
95935,,"28,853",,,,"28,853"
DOBBINS,,"28,853",,,,"28,853"
CA,,"28,853",,,,"28,853"
88043,,"28,800",,,,"28,800"
HURLEY,,"28,800",,,,"28,800"
NM,,"28,800",,,,"28,800"
70131,"28,748",,,,,"28,748"
NEW ORLEANS,"28,748",,,,,"28,748"
LA,"28,748",,,,,"28,748"
36340,,"28,690",,,,"28,690"
GENEVA,,"28,690",,,,"28,690"
AL,,"28,690",,,,"28,690"
35601,,"28,582",,,,"28,582"
DECATUR,,"28,582",,,,"28,582"
AL,,"28,582",,,,"28,582"
19968,,,"28,388",,,"28,388"
MILTON,,,"28,388",,,"28,388"
DE,,,"28,388",,,"28,388"
97023,,,,"28,206",,"28,206"
ESTACADA,,,,"28,206",,"28,206"
OR,,,,"28,206",,"28,206"
43081,,"28,000",,,,"28,000"
WESTERVILLE,,"28,000",,,,"28,000"
OH,,"28,000",,,,"28,000"
31603,,,,"28,000",,"28,000"
VALDOSTA,,,,"28,000",,"28,000"
GA,,,,"28,000",,"28,000"
59101,,,,"27,993",,"27,993"
BILLINGS,,,,"27,993",,"27,993"
MT,,,,"27,993",,"27,993"
77531,,,,"27,864",0,"27,864"
CLUTE,,,,,0,0
TX,,,,,0,0
RICHWOOD,,,,"27,864",,"27,864"
TX,,,,"27,864",,"27,864"
29536,"8,083","19,656",,,,"27,739"
DILLON,"8,083","19,656",,,,"27,739"
SC,"8,083","19,656",,,,"27,739"
33134,,,,,"27,600","27,600"
CORAL GABLES,,,,,"27,600","27,600"
FL,,,,,"27,600","27,600"
87740,,"27,398",,,,"27,398"
RATON,,"27,398",,,,"27,398"
NM,,"27,398",,,,"27,398"
77713,,"27,344",,,,"27,344"
BEAUMONT,,"27,344",,,,"27,344"
TX,,"27,344",,,,"27,344"
39426,,"27,278",,,,"27,278"
PICAYUNE,,"27,278",,,,"27,278"
MS,,"27,278",,,,"27,278"
99337,,,,"27,258",,"27,258"
KENNEWICK,,,,"27,258",,"27,258"
WA,,,,"27,258",,"27,258"
97420,"23,510",,,,"3,406","26,916"
COOS BAY,"23,510",,,,"3,406","26,916"
OR,"23,510",,,,"3,406","26,916"
90034,,,,"26,051",,"26,051"
LOS ANGELES,,,,"26,051",,"26,051"
CA,,,,"26,051",,"26,051"
83847,,,,,"25,672","25,672"
NAPLES,,,,,"25,672","25,672"
ID,,,,,"25,672","25,672"
36611,,"25,545",,,,"25,545"
CHICKASAW,,"25,545",,,,"25,545"
AL,,"25,545",,,,"25,545"
31768,,"25,480",,,,"25,480"
MOULTRIE,,"25,480",,,,"25,480"
GA,,"25,480",,,,"25,480"
70094,,,"25,289",,,"25,289"
WESTWEGO,,,"25,289",,,"25,289"
LA,,,"25,289",,,"25,289"
74601,,"25,000",,,,"25,000"
PONCA CITY,,"25,000",,,,"25,000"
OK,,"25,000",,,,"25,000"
36603,,,"7,517","17,444",,"24,961"
MOBILE,,,"7,517","17,444",,"24,961"
AL,,,"7,517","17,444",,"24,961"
55352,,,,,"24,936","24,936"
JORDAN,,,,,"24,936","24,936"
MN,,,,,"24,936","24,936"
70809,,,,,"24,591","24,591"
BATON ROUGE,,,,,"24,591","24,591"
LA,,,,,"24,591","24,591"
77630,"24,289",,,,,"24,289"
ORANGE,"24,289",,,,,"24,289"
TX,"24,289",,,,,"24,289"
85637,"24,044",,,,,"24,044"
SONOITA,"24,044",,,,,"24,044"
AZ,"24,044",,,,,"24,044"
36580,,,,"23,826",,"23,826"
SUMMERDALE,,,,"23,826",,"23,826"
AL,,,,"23,826",,"23,826"
77088,,,,"23,551",,"23,551"
"HOUSTON, HARRIS CO.",,,,"23,551",,"23,551"
TX,,,,"23,551",,"23,551"
32206,,"23,420",,,,"23,420"
JACKSONVILLE,,"23,420",,,,"23,420"
FL,,"23,420",,,,"23,420"
60609,,,"23,290",,,"23,290"
CHICAGO,,,"23,290",,,"23,290"
IL,,,"23,290",,,"23,290"
98390,"23,195",,,,,"23,195"
SUMNER,"23,195",,,,,"23,195"
WA,"23,195",,,,,"23,195"
76043,,,,"23,017",,"23,017"
"GLEN ROSE, SOMERVELL",,,,"23,017",,"23,017"
TX,,,,"23,017",,"23,017"
99181,,,,,"22,915","22,915"
VALLEY,,,,,"22,915","22,915"
WA,,,,,"22,915","22,915"
77514,,"22,855",,,,"22,855"
ANAHUAC,,"22,855",,,,"22,855"
TX,,"22,855",,,,"22,855"
77541,,,,"22,696",,"22,696"
FREEPORT,,,,"22,696",,"22,696"
TX,,,,"22,696",,"22,696"
30815,,,,,"22,632","22,632"
HEPHZIBAH,,,,,"22,632","22,632"
GA,,,,,"22,632","22,632"
33704,,,"22,471",,,"22,471"
SAINT PETERSBURG,,,"22,471",,,"22,471"
FL,,,"22,471",,,"22,471"
7751,,,,,"22,460","22,460"
MORGANVILLE,,,,,"22,460","22,460"
NJ,,,,,"22,460","22,460"
43046,,,,,"22,168","22,168"
MILLERSPORT,,,,,"22,168","22,168"
OH,,,,,"22,168","22,168"
75931,,,,"21,733",,"21,733"
BROOKELAND,,,,"21,733",,"21,733"
TX,,,,"21,733",,"21,733"
95452,,,,"21,700",,"21,700"
KENWOOD,,,,"21,700",,"21,700"
CA,,,,"21,700",,"21,700"
35215,,,,"21,618",,"21,618"
CENTER POINT,,,,"21,618",,"21,618"
AL,,,,"21,618",,"21,618"
25311,"21,119",,,,,"21,119"
CHARLESTON,"21,119",,,,,"21,119"
WV,"21,119",,,,,"21,119"
75751,"20,973",,,,,"20,973"
ATHENS,"20,973",,,,,"20,973"
TX,"20,973",,,,,"20,973"
43560,"20,970",,,,,"20,970"
SYLVANIA,"20,970",,,,,"20,970"
OH,"20,970",,,,,"20,970"
24605,,,"20,667",,,"20,667"
BLUEFIELD,,,"20,667",,,"20,667"
VA,,,"20,667",,,"20,667"
70427,,"20,496",,,,"20,496"
BOGALUSA,,"20,496",,,,"20,496"
LA,,"20,496",,,,"20,496"
77078,,,"20,491",,,"20,491"
HOSTON,,,"20,491",,,"20,491"
TX,,,"20,491",,,"20,491"
30025,,,,,"20,330","20,330"
SOCIAL CIRCLE,,,,,"20,330","20,330"
GA,,,,,"20,330","20,330"
95666,"20,250",,,,,"20,250"
PIONEER,"20,250",,,,,"20,250"
CA,"20,250",,,,,"20,250"
85546,,"20,000",,,,"20,000"
SAFFORD,,"20,000",,,,"20,000"
AZ,,"20,000",,,,"20,000"
59058,"20,000",,,,,"20,000"
MOSBY,"20,000",,,,,"20,000"
MT,"20,000",,,,,"20,000"
33444,"19,948",,,,,"19,948"
DELRAY BEACH,"19,948",,,,,"19,948"
FL,"19,948",,,,,"19,948"
70341,,,"19,867",,,"19,867"
BELLE ROSE,,,"19,867",,,"19,867"
LA,,,"19,867",,,"19,867"
78573,,"19,645",,,,"19,645"
ALTON,,"19,645",,,,"19,645"
TX,,"19,645",,,,"19,645"
83709,"19,588",,,,,"19,588"
BOISE,"19,588",,,,,"19,588"
ID,"19,588",,,,,"19,588"
73130,"19,584",,,,,"19,584"
MIDWEST CITY,"19,584",,,,,"19,584"
OK,"19,584",,,,,"19,584"
11704,"19,460",,,,,"19,460"
WEST BABYLON,"19,460",,,,,"19,460"
NY,"19,460",,,,,"19,460"
34135,,,,"19,422",,"19,422"
BONITA SPRINGS,,,,"19,422",,"19,422"
FL,,,,"19,422",,"19,422"
27569,,,,"19,042",,"19,042"
PRINCETON,,,,"19,042",,"19,042"
NC,,,,"19,042",,"19,042"
33010,,"19,014",,,,"19,014"
HIALEAH,,"19,014",,,,"19,014"
FL,,"19,014",,,,"19,014"
88220,"18,865",,,,,"18,865"
CARLSBAD,"18,865",,,,,"18,865"
NM,"18,865",,,,,"18,865"
31525,,,,"18,845",,"18,845"
BRUNSWICK,,,,"18,845",,"18,845"
GA,,,,"18,845",,"18,845"
25550,,,,"18,725",,"18,725"
POINT PLEASANT,,,,"18,725",,"18,725"
WV,,,,"18,725",,"18,725"
29115,"18,641",,,,,"18,641"
ORANGEBURG,"18,641",,,,,"18,641"
SC,"18,641",,,,,"18,641"
90077,"18,566",,,,,"18,566"
LOS ANGELES,"18,566",,,,,"18,566"
CA,"18,566",,,,,"18,566"
36535,,,,"18,432",,"18,432"
FOLEY,,,,"18,432",,"18,432"
AL,,,,"18,432",,"18,432"
70068,,,,"18,181",,"18,181"
LAPLACE,,,,"18,181",,"18,181"
LA,,,,"18,181",,"18,181"
61074,,,,"18,100",,"18,100"
SAVANNA,,,,"18,100",,"18,100"
IL,,,,"18,100",,"18,100"
95553,,"17,990",,,,"17,990"
MIRANDA,,"17,990",,,,"17,990"
CA,,"17,990",,,,"17,990"
70002,,,"17,950",,,"17,950"
METAIRIE,,,"17,950",,,"17,950"
LA,,,"17,950",,,"17,950"
46203,"17,789",,,,,"17,789"
INDIANAPOLIS,"17,789",,,,,"17,789"
IN,"17,789",,,,,"17,789"
77518,,,"17,331",,,"17,331"
BACLIFF,,,"17,331",,,"17,331"
TX,,,"17,331",,,"17,331"
76708,,,,,"17,302","17,302"
"WACO, MCLENNAN CO.",,,,,"17,302","17,302"
TX,,,,,"17,302","17,302"
99207,"17,000",,,,,"17,000"
SPOKANE,"17,000",,,,,"17,000"
WA,"17,000",,,,,"17,000"
78363,,,,"16,521",,"16,521"
KINGSVILLE,,,,"16,521",,"16,521"
TX,,,,"16,521",,"16,521"
75570,,"16,233",,,,"16,233"
NEW BOSTON,,"16,233",,,,"16,233"
TX,,"16,233",,,,"16,233"
55103,,"16,100",,,,"16,100"
SAINT PAUL,,"16,100",,,,"16,100"
MN,,"16,100",,,,"16,100"
30120,,,,"16,080",,"16,080"
CARTERSVILLE,,,,"16,080",,"16,080"
GA,,,,"16,080",,"16,080"
16323,,,,,"16,000","16,000"
FRANKLIN,,,,,"16,000","16,000"
PA,,,,,"16,000","16,000"
29845,,"15,987",,,,"15,987"
PLUM BRANCH,,"15,987",,,,"15,987"
SC,,"15,987",,,,"15,987"
94567,,,,"15,968",,"15,968"
POPE VALLEY,,,,"15,968",,"15,968"
CA,,,,"15,968",,"15,968"
8758,,,,,"15,881","15,881"
WARETOWN,,,,,"15,881","15,881"
NJ,,,,,"15,881","15,881"
8360,,,"15,712",,,"15,712"
VINELAND,,,"15,712",,,"15,712"
NJ,,,"15,712",,,"15,712"
98902,,"4,300",,"11,263",,"15,563"
YAKIMA,,"4,300",,"11,263",,"15,563"
WA,,"4,300",,"11,263",,"15,563"
90272,,,"15,260",,,"15,260"
PACIFIC PALISADES,,,"15,260",,,"15,260"
CA,,,"15,260",,,"15,260"
87583,,,"15,221",,,"15,221"
VILLANUEVA,,,"15,221",,,"15,221"
NM,,,"15,221",,,"15,221"
22408,,,"15,129",,,"15,129"
FREDERICKSBURG,,,"15,129",,,"15,129"
VA,,,"15,129",,,"15,129"
97063,,"15,067",,,,"15,067"
WAMIC,,"15,067",,,,"15,067"
OR,,"15,067",,,,"15,067"
74301,,,"15,046",,,"15,046"
VINITA,,,"15,046",,,"15,046"
OK,,,"15,046",,,"15,046"
97346,,,,"15,000",,"15,000"
GATES,,,,"15,000",,"15,000"
OR,,,,"15,000",,"15,000"
59710,,,,"15,000",,"15,000"
ALDER,,,,"15,000",,"15,000"
MT,,,,"15,000",,"15,000"
75232,,,,"14,915",,"14,915"
DALLAS,,,,"14,915",,"14,915"
TX,,,,"14,915",,"14,915"
31331,,,,"14,850",,"14,850"
TOWNSEND,,,,"14,850",,"14,850"
GA,,,,"14,850",,"14,850"
98921,"14,821",,,,,"14,821"
BUENA,"14,821",,,,,"14,821"
WA,"14,821",,,,,"14,821"
91352,"14,721",,,,,"14,721"
SUN VALLEY,"14,721",,,,,"14,721"
CA,"14,721",,,,,"14,721"
33009,,,,,"14,705","14,705"
HALLANDALE,,,,,"14,705","14,705"
FL,,,,,"14,705","14,705"
34108,"14,581",,,,,"14,581"
NAPLES,"14,581",,,,,"14,581"
FL,"14,581",,,,,"14,581"
38301,"14,474",,,,,"14,474"
JACKSON,"14,474",,,,,"14,474"
TN,"14,474",,,,,"14,474"
11414,,,,"14,351",,"14,351"
HOWARD BEACH,,,,"14,351",,"14,351"
NY,,,,"14,351",,"14,351"
19403,,"14,255",,,,"14,255"
NORRISTOWN,,"14,255",,,,"14,255"
PA,,"14,255",,,,"14,255"
73069,,,,,"14,176","14,176"
NORMAN,,,,,"14,176","14,176"
OK,,,,,"14,176","14,176"
38109,,,"13,721",,,"13,721"
MEMPHIS,,,"13,721",,,"13,721"
TN,,,"13,721",,,"13,721"
32824,,"13,652",,,,"13,652"
ORLANDO,,"13,652",,,,"13,652"
FL,,"13,652",,,,"13,652"
33166,,,"13,589",,,"13,589"
VIRGINIA GARDENS,,,"13,589",,,"13,589"
FL,,,"13,589",,,"13,589"
77551,,,,,"13,537","13,537"
GALVESTON,,,,,"13,537","13,537"
TX,,,,,"13,537","13,537"
77074,,"13,451",,,,"13,451"
HOUSTON,,"13,451",,,,"13,451"
TX,,"13,451",,,,"13,451"
33174,,"13,413",,,,"13,413"
MIAMI,,"13,413",,,,"13,413"
FL,,"13,413",,,,"13,413"
73018,,,,"13,323",,"13,323"
CHICKASHA,,,,"13,323",,"13,323"
OK,,,,"13,323",,"13,323"
23518,,,,"13,275",,"13,275"
NORFOLK,,,,"13,275",,"13,275"
VA,,,,"13,275",,"13,275"
88203,,"13,228",0,,,"13,228"
ROSWELL,,"13,228",0,,,"13,228"
NM,,"13,228",0,,,"13,228"
35775,"13,187",,,,,"13,187"
VALHERMOSO SPRINGS,"13,187",,,,,"13,187"
AL,"13,187",,,,,"13,187"
32427,,,,,"13,145","13,145"
CARYVILLE,,,,,"13,145","13,145"
FL,,,,,"13,145","13,145"
25411,,"12,971",,,,"12,971"
BERKELEY SPRINGS,,"12,971",,,,"12,971"
WV,,"12,971",,,,"12,971"
77465,,"12,954",,,,"12,954"
PALACIOS,,"12,954",,,,"12,954"
TX,,"12,954",,,,"12,954"
37882,,,"12,923",,,"12,923"
TOWNSEND,,,"12,923",,,"12,923"
TN,,,"12,923",,,"12,923"
65109,"12,821",,,,,"12,821"
JEFFERSON CITY,"12,821",,,,,"12,821"
MO,"12,821",,,,,"12,821"
61944,,,"12,692",,,"12,692"
PARIS,,,"12,692",,,"12,692"
IL,,,"12,692",,,"12,692"
87742,"12,682",,,,,"12,682"
ROCIADA,"12,682",,,,,"12,682"
NM,"12,682",,,,,"12,682"
77642,,,,,"12,673","12,673"
PORT ARTHUR,,,,,"12,673","12,673"
TX,,,,,"12,673","12,673"
36612,,,"12,658",,,"12,658"
MOBILE,,,"12,658",,,"12,658"
AL,,,"12,658",,,"12,658"
33027,,,,"12,623",,"12,623"
MIRAMAR,,,,"12,623",,"12,623"
FL,,,,"12,623",,"12,623"
98632,"12,546",,,,,"12,546"
LONGVIEW,"12,546",,,,,"12,546"
WA,"12,546",,,,,"12,546"
31533,,"4,564",,,"7,717","12,281"
DOUGLAS,,"4,564",,,"7,717","12,281"
GA,,"4,564",,,"7,717","12,281"
29710,,"12,148",,,,"12,148"
CLOVER,,"12,148",,,,"12,148"
SC,,"12,148",,,,"12,148"
91342,"12,055",,,,,"12,055"
LAKE VIEW TERRACE,"12,055",,,,,"12,055"
CA,"12,055",,,,,"12,055"
77041,,,,"11,785",,"11,785"
HOUSTON,,,,"11,785",,"11,785"
TX,,,,"11,785",,"11,785"
59860,"11,493",,,,0,"11,493"
POLSON,"11,493",,,,0,"11,493"
MT,"11,493",,,,0,"11,493"
31701,"11,464",,,,,"11,464"
ALBANY,"11,464",,,,,"11,464"
GA,"11,464",,,,,"11,464"
78748,"11,442",,,,,"11,442"
AUSTIN,"11,442",,,,,"11,442"
TX,"11,442",,,,,"11,442"
31002,"11,428",,,,,"11,428"
ADRIAN,"11,428",,,,,"11,428"
GA,"11,428",,,,,"11,428"
96052,,"11,310",,,,"11,310"
LEWISTON,,"11,310",,,,"11,310"
CA,,"11,310",,,,"11,310"
53215,,,,"11,300",,"11,300"
MILWAUKEE,,,,"11,300",,"11,300"
WI,,,,"11,300",,"11,300"
70420,"11,283",,,,,"11,283"
ABITA SPRINGS,"11,283",,,,,"11,283"
LA,"11,283",,,,,"11,283"
32926,"11,246",,,,,"11,246"
COCOA,"11,246",,,,,"11,246"
FL,"11,246",,,,,"11,246"
70663,,"4,982","6,231",,,"11,213"
LAKE CHARLES,,,"6,231",,,"6,231"
LA,,,"6,231",,,"6,231"
SULPHUR,,"4,982",,,,"4,982"
LA,,"4,982",,,,"4,982"
85936,"11,096",,,,,"11,096"
SAINT JOHNS,"11,096",,,,,"11,096"
AZ,"11,096",,,,,"11,096"
38401,,"11,037",,,,"11,037"
COLUMBIA,,"11,037",,,,"11,037"
TN,,"11,037",,,,"11,037"
86401,,"11,000",,,,"11,000"
KINGMAN,,"11,000",,,,"11,000"
AZ,,"11,000",,,,"11,000"
97368,,,,"10,784",,"10,784"
OTIS,,,,"10,784",,"10,784"
OR,,,,"10,784",,"10,784"
28572,"10,651",,,,,"10,651"
PINK HILL,"10,651",,,,,"10,651"
NC,"10,651",,,,,"10,651"
8879,,,"10,647",,,"10,647"
LAURENCE HARBO,,,"10,647",,,"10,647"
NJ,,,"10,647",,,"10,647"
79007,"10,094",,,,,"10,094"
BORGER,"10,094",,,,,"10,094"
TX,"10,094",,,,,"10,094"
63845,,,,"10,000",,"10,000"
EAST PRAIRIE,,,,"10,000",,"10,000"
MO,,,,"10,000",,"10,000"
75119,,"10,000",,,,"10,000"
ENNIS,,"10,000",,,,"10,000"
TX,,"10,000",,,,"10,000"
83856,,,,"9,953",,"9,953"
PRIEST RIVER,,,,"9,953",,"9,953"
ID,,,,"9,953",,"9,953"
7111,,,,"9,740",,"9,740"
IRVINGTON,,,,"9,740",,"9,740"
NJ,,,,"9,740",,"9,740"
36545,,,"9,621",,,"9,621"
JACKSON,,,"9,621",,,"9,621"
AL,,,"9,621",,,"9,621"
84069,,,,,"9,555","9,555"
RUSH VALLEY,,,,,"9,555","9,555"
UT,,,,,"9,555","9,555"
31548,,"9,360",,,,"9,360"
KINGSLAND,,"9,360",,,,"9,360"
GA,,"9,360",,,,"9,360"
98513,"9,326",,,,,"9,326"
OLYMPIA,"9,326",,,,,"9,326"
WA,"9,326",,,,,"9,326"
91001,,,,"9,259",,"9,259"
ALTADENA,,,,"9,259",,"9,259"
CA,,,,"9,259",,"9,259"
77612,,,,"7,370","1,870","9,240"
BUNA,,,,"7,370","1,870","9,240"
TX,,,,"7,370","1,870","9,240"
75060,,"8,981",,,,"8,981"
IRVING,,"8,981",,,,"8,981"
TX,,"8,981",,,,"8,981"
78541,,"8,763",,,,"8,763"
EDINBURG,,"8,763",,,,"8,763"
TX,,"8,763",,,,"8,763"
39560,"8,756",,,,,"8,756"
LONG BEACH,"8,756",,,,,"8,756"
MS,"8,756",,,,,"8,756"
33140,,,,,"8,718","8,718"
MIAMI BEACH,,,,,"8,718","8,718"
FL,,,,,"8,718","8,718"
98937,,,,"8,704",,"8,704"
NACHES,,,,"8,704",,"8,704"
WA,,,,"8,704",,"8,704"
70114,"5,153",,"3,538",,,"8,691"
NEW ORLEANS,"5,153",,"3,538",,,"8,691"
LA,"5,153",,"3,538",,,"8,691"
77327,,"8,604",,,,"8,604"
CLEVELAND,,"8,604",,,,"8,604"
TX,,"8,604",,,,"8,604"
97801,"8,563",,,,,"8,563"
PENDLETON,"8,563",,,,,"8,563"
OR,"8,563",,,,,"8,563"
66801,,,,"8,558",,"8,558"
EMPORIA,,,,"8,558",,"8,558"
KS,,,,"8,558",,"8,558"
85020,,,"8,494",,,"8,494"
PHOENIX,,,"8,494",,,"8,494"
AZ,,,"8,494",,,"8,494"
11747,,"8,480",,,,"8,480"
MELVILLE,,"8,480",,,,"8,480"
NY,,"8,480",,,,"8,480"
98303,,,"8,460",,,"8,460"
ANDERSON ISLAND,,,"8,460",,,"8,460"
WA,,,"8,460",,,"8,460"
64080,"8,360",,,,,"8,360"
PLEASANT HILL,"8,360",,,,,"8,360"
MO,"8,360",,,,,"8,360"
8221,,,,"8,250",,"8,250"
LINWOOD,,,,"8,250",,"8,250"
NJ,,,,"8,250",,"8,250"
4001,,,,"8,219",,"8,219"
ACTON,,,,"8,219",,"8,219"
ME,,,,"8,219",,"8,219"
89108,,,"8,186",,,"8,186"
LAS VEGAS,,,"8,186",,,"8,186"
NV,,,"8,186",,,"8,186"
55013,"8,112",,,,,"8,112"
CHISAGO CITY,"8,112",,,,,"8,112"
MN,"8,112",,,,,"8,112"
75901,,"8,095",,,,"8,095"
LUFKIN,,"8,095",,,,"8,095"
TX,,"8,095",,,,"8,095"
73117,"7,973",,,,,"7,973"
OKLAHOMA CITY,"7,973",,,,,"7,973"
OK,"7,973",,,,,"7,973"
77511,,,,,"7,957","7,957"
ALVIN,,,,,"7,957","7,957"
TX,,,,,"7,957","7,957"
38474,"7,849",,,,,"7,849"
MOUNT PLEASANT,"7,849",,,,,"7,849"
TN,"7,849",,,,,"7,849"
30643,,"7,843",,,,"7,843"
HARTWELL,,"7,843",,,,"7,843"
GA,,"7,843",,,,"7,843"
75067,,,,"7,816",,"7,816"
LEWISVILLE,,,,"7,816",,"7,816"
TX,,,,"7,816",,"7,816"
34947,,,,"7,783",,"7,783"
FORT PIERCE,,,,"7,783",,"7,783"
FL,,,,"7,783",,"7,783"
66701,,,"7,485",,,"7,485"
FORT SCOTT,,,"7,485",,,"7,485"
KS,,,"7,485",,,"7,485"
83704,,,,"7,433",,"7,433"
BOISE,,,,"7,433",,"7,433"
ID,,,,"7,433",,"7,433"
75501,"7,302",,,,,"7,302"
TEXARKANA,"7,302",,,,,"7,302"
TX,"7,302",,,,,"7,302"
76116,,"7,292",,,,"7,292"
FORT WORTH,,"7,292",,,,"7,292"
TX,,"7,292",,,,"7,292"
77029,,,,"7,285",,"7,285"
HOUSTON,,,,"7,285",,"7,285"
TX,,,,"7,285",,"7,285"
77705,,,"7,257",,,"7,257"
BEAUMONT,,,"7,257",,,"7,257"
TX,,,"7,257",,,"7,257"
95526,,,,"7,200",,"7,200"
RUTH,,,,"7,200",,"7,200"
CA,,,,"7,200",,"7,200"
23503,"1,309",,"5,852",,,"7,162"
NORFOLK,"1,309",,"5,852",,,"7,162"
VA,"1,309",,"5,852",,,"7,162"
19973,,"7,128",,,,"7,128"
SEAFORD,,"7,128",,,,"7,128"
DE,,"7,128",,,,"7,128"
66104,,,,"7,063",,"7,063"
KANSAS CITY,,,,"7,063",,"7,063"
KS,,,,"7,063",,"7,063"
39532,"7,047",,,,,"7,047"
DIBERVILLE,"7,047",,,,,"7,047"
MS,"7,047",,,,,"7,047"
33312,"7,041",,,,,"7,041"
FORT LAUDERDALE,"7,041",,,,,"7,041"
FL,"7,041",,,,,"7,041"
32606,,,,,"7,020","7,020"
GAINESVILLE,,,,,"7,020","7,020"
FL,,,,,"7,020","7,020"
62230,"6,988",,,,,"6,988"
BREESE,"6,988",,,,,"6,988"
IL,"6,988",,,,,"6,988"
19401,,"6,897",,,,"6,897"
NORRISTOWN,,"6,897",,,,"6,897"
PA,,"6,897",,,,"6,897"
29301,"6,831",,,,,"6,831"
SPARTANBURG,"6,831",,,,,"6,831"
SC,"6,831",,,,,"6,831"
29437,,,"6,826",,,"6,826"
DORCHESTER,,,"6,826",,,"6,826"
SC,,,"6,826",,,"6,826"
73012,"6,731",,,,,"6,731"
EDMOND,"6,731",,,,,"6,731"
OK,"6,731",,,,,"6,731"
19904,,"6,683",,,,"6,683"
DOVER,,"6,683",,,,"6,683"
DE,,"6,683",,,,"6,683"
78375,,,"6,542",,,"6,542"
PREMONT,,,"6,542",,,"6,542"
TX,,,"6,542",,,"6,542"
30228,"6,500",,,,,"6,500"
HAMPTON,"6,500",,,,,"6,500"
GA,"6,500",,,,,"6,500"
31328,,"6,490",,,,"6,490"
TYBEE ISLAND,,"6,490",,,,"6,490"
GA,,"6,490",,,,"6,490"
98801,,,"6,460",,,"6,460"
WENATCHEE,,,"6,460",,,"6,460"
WA,,,"6,460",,,"6,460"
29483,,"6,408",,,,"6,408"
SUMMERVILLE,,"6,408",,,,"6,408"
SC,,"6,408",,,,"6,408"
77480,"6,277",,,,,"6,277"
SWEENY,"6,277",,,,,"6,277"
TX,"6,277",,,,,"6,277"
39455,"6,238",,,,,"6,238"
LUMBERTON,"6,238",,,,,"6,238"
MS,"6,238",,,,,"6,238"
77011,"6,234",,,,,"6,234"
HOUSTON,"6,234",,,,,"6,234"
TX,"6,234",,,,,"6,234"
76306,"6,232",,,,,"6,232"
WICHITA FALLS,"6,232",,,,,"6,232"
TX,"6,232",,,,,"6,232"
29907,,,,"6,062",,"6,062"
BEAUFORT,,,,"6,062",,"6,062"
SC,,,,"6,062",,"6,062"
79377,,,,"6,000",,"6,000"
"WELCH, DAWSON CO.",,,,"6,000",,"6,000"
TX,,,,"6,000",,"6,000"
33162,,"5,985",,,,"5,985"
MIAMI,,"5,985",,,,"5,985"
FL,,"5,985",,,,"5,985"
28348,,"5,857",,,,"5,857"
HOPE MILLS,,"5,857",,,,"5,857"
NC,,"5,857",,,,"5,857"
23141,,,"5,825",,,"5,825"
QUINTON,,,"5,825",,,"5,825"
VA,,,"5,825",,,"5,825"
34744,,,,,"5,780","5,780"
KISSIMMEE,,,,,"5,780","5,780"
FL,,,,,"5,780","5,780"
43445,,,"5,709",,,"5,709"
OAK HARBOR,,,"5,709",,,"5,709"
OH,,,"5,709",,,"5,709"
98467,"5,418",,,,,"5,418"
TACOMA,"5,418",,,,,"5,418"
WA,"5,418",,,,,"5,418"
33165,"5,400",,,,,"5,400"
MIAMI,"5,400",,,,,"5,400"
FL,"5,400",,,,,"5,400"
70391,,,,"5,325",,"5,325"
PAINCOURTVILLE,,,,"5,325",,"5,325"
LA,,,,"5,325",,"5,325"
33901,"5,193",,,,,"5,193"
FORT MYERS,"5,193",,,,,"5,193"
FL,"5,193",,,,,"5,193"
79512,"5,139",,,,,"5,139"
COLORADO CITY,"5,139",,,,,"5,139"
TX,"5,139",,,,,"5,139"
93105,"5,126",,,,,"5,126"
SANTA BARBARA,"5,126",,,,,"5,126"
CA,"5,126",,,,,"5,126"
70127,"5,109",,,,,"5,109"
NEW ORLEANS,"5,109",,,,,"5,109"
LA,"5,109",,,,,"5,109"
46408,"5,098",,,,,"5,098"
GARY,"5,098",,,,,"5,098"
IN,"5,098",,,,,"5,098"
63877,"5,088",,,,,"5,088"
STEELE,"5,088",,,,,"5,088"
MO,"5,088",,,,,"5,088"
27889,"2,376",,"2,705",,,"5,081"
WASHINGTON,"2,376",,"2,705",,,"5,081"
NC,"2,376",,"2,705",,,"5,081"
85501,,"5,037",,,,"5,037"
GLOBE,,"5,037",,,,"5,037"
AZ,,"5,037",,,,"5,037"
85017,,,"5,027",,,"5,027"
PHOENIX,,,"5,027",,,"5,027"
AZ,,,"5,027",,,"5,027"
40299,,,,,"5,000","5,000"
LOUISVILLE,,,,,"5,000","5,000"
KY,,,,,"5,000","5,000"
59901,"5,000",,,,,"5,000"
KALISPELL,"5,000",,,,,"5,000"
MT,"5,000",,,,,"5,000"
95667,"4,885",,,,,"4,885"
PLACERVILLE,"4,885",,,,,"4,885"
CA,"4,885",,,,,"4,885"
79602,,,"4,781",,,"4,781"
"ABILENE, TAYLOR CO.",,,"4,781",,,"4,781"
TX,,,"4,781",,,"4,781"
30106,,,,"4,749",,"4,749"
AUSTELL,,,,"4,749",,"4,749"
GA,,,,"4,749",,"4,749"
59845,,"4,700",,,,"4,700"
HOT SPRINGS,,"4,700",,,,"4,700"
MT,,"4,700",,,,"4,700"
11968,,,,,"4,541","4,541"
SOUTHAMPTON,,,,,"4,541","4,541"
NY,,,,,"4,541","4,541"
71118,,,,"4,522",,"4,522"
SHREVEPORT,,,,"4,522",,"4,522"
LA,,,,"4,522",,"4,522"
19947,,,"4,497",,,"4,497"
GEORGETOWN,,,"4,497",,,"4,497"
DE,,,"4,497",,,"4,497"
19958,"2,435",,"2,012",,,"4,447"
LEWES,"2,435",,"2,012",,,"4,447"
DE,"2,435",,"2,012",,,"4,447"
29560,"4,349",,,,,"4,349"
LAKE CITY,"4,349",,,,,"4,349"
SC,"4,349",,,,,"4,349"
23707,,,,"4,346",,"4,346"
PORTSMOUTH,,,,"4,346",,"4,346"
VA,,,,"4,346",,"4,346"
85719,,"4,253",,,,"4,253"
SUN,,"4,253",,,,"4,253"
AZ,,"4,253",,,,"4,253"
30206,"4,142",,,,,"4,142"
CONCORD,"4,142",,,,,"4,142"
GA,"4,142",,,,,"4,142"
81055,,"4,010",,,,"4,010"
LA VETA,,"4,010",,,,"4,010"
CO,,"4,010",,,,"4,010"
59401,,,,"3,992",,"3,992"
GREAT FALLS,,,,"3,992",,"3,992"
MT,,,,"3,992",,"3,992"
29556,,"1,255",,"2,689",,"3,944"
KINGSTREE,,"1,255",,"2,689",,"3,944"
SC,,"1,255",,"2,689",,"3,944"
93636,"3,911",,,,,"3,911"
MADERA,"3,911",,,,,"3,911"
CA,"3,911",,,,,"3,911"
77590,0,"3,859",,,,"3,859"
TEXAS CITY,0,"3,859",,,,"3,859"
TX,0,"3,859",,,,"3,859"
23464,,,"3,754",,,"3,754"
VIRGINIA BEACH,,,"3,754",,,"3,754"
VA,,,"3,754",,,"3,754"
86409,,,,,"3,742","3,742"
KINGMAN,,,,,"3,742","3,742"
AZ,,,,,"3,742","3,742"
29439,,"3,661",,,,"3,661"
FOLLY BEACH,,"3,661",,,,"3,661"
SC,,"3,661",,,,"3,661"
84078,,"3,643",,,,"3,643"
VERNAL,,"3,643",,,,"3,643"
UT,,"3,643",,,,"3,643"
59920,"3,614",,,,,"3,614"
KILA,"3,614",,,,,"3,614"
MT,"3,614",,,,,"3,614"
29223,,,,,"3,551","3,551"
COLUMBIA,,,,,"3,551","3,551"
SC,,,,,"3,551","3,551"
11209,,,,,"3,550","3,550"
BROOKLYN,,,,,"3,550","3,550"
NY,,,,,"3,550","3,550"
85301,"3,542",,,,,"3,542"
GLENDALE,"3,542",,,,,"3,542"
AZ,"3,542",,,,,"3,542"
85539,0,,,,"3,532","3,532"
MIAMI,0,,,,"3,532","3,532"
AZ,0,,,,"3,532","3,532"
70390,,"3,396",,,,"3,396"
NAPOLEONVILLE,,"3,396",,,,"3,396"
LA,,"3,396",,,,"3,396"
33304,"3,223",,,,,"3,223"
FORT LAUDERDALE,"3,223",,,,,"3,223"
FL,"3,223",,,,,"3,223"
33030,,"3,189",,,,"3,189"
HOMESTEAD,,"3,189",,,,"3,189"
FL,,"3,189",,,,"3,189"
85210,,,,"3,171",,"3,171"
MESA,,,,"3,171",,"3,171"
AZ,,,,"3,171",,"3,171"
38125,"3,076",,,,,"3,076"
MEMPHIS,"3,076",,,,,"3,076"
TN,"3,076",,,,,"3,076"
97360,,,,"3,057",,"3,057"
MILL CITY,,,,"3,057",,"3,057"
OR,,,,"3,057",,"3,057"
85348,,,,"3,000",,"3,000"
SALOME,,,,"3,000",,"3,000"
AZ,,,,"3,000",,"3,000"
62830,,,,"2,998",,"2,998"
DIX,,,,"2,998",,"2,998"
IL,,,,"2,998",,"2,998"
30439,,,,"2,931",,"2,931"
METTER,,,,"2,931",,"2,931"
GA,,,,"2,931",,"2,931"
75062,,"2,881",,,,"2,881"
IRVING,,"2,881",,,,"2,881"
TX,,"2,881",,,,"2,881"
71483,,,"2,710",,,"2,710"
WINNFIELD,,,"2,710",,,"2,710"
LA,,,"2,710",,,"2,710"
36528,"2,700",,,,,"2,700"
DAUPHIN ISLAND,"2,700",,,,,"2,700"
AL,"2,700",,,,,"2,700"
79935,,"2,687",,,,"2,687"
EL PASO,,"2,687",,,,"2,687"
TX,,"2,687",,,,"2,687"
95442,"2,679",,,,,"2,679"
GLEN ELLEN,"2,679",,,,,"2,679"
CA,"2,679",,,,,"2,679"
85705,,,"2,595",,,"2,595"
TUCSON,,,"2,595",,,"2,595"
AZ,,,"2,595",,,"2,595"
91214,"2,493",,,,,"2,493"
LA CRESCENTA,"2,493",,,,,"2,493"
CA,"2,493",,,,,"2,493"
27503,,,"2,438",,,"2,438"
BAHAMA,,,"2,438",,,"2,438"
NC,,,"2,438",,,"2,438"
4576,"2,432",,,,,"2,432"
SOUTHPORT,"2,432",,,,,"2,432"
ME,"2,432",,,,,"2,432"
77651,,,,,"2,431","2,431"
PORT NECHES,,,,,"2,431","2,431"
TX,,,,,"2,431","2,431"
83301,,"2,230",,,,"2,230"
TWIN FALLS,,"2,230",,,,"2,230"
ID,,"2,230",,,,"2,230"
29569,,,,"2,042",,"2,042"
LORIS,,,,"2,042",,"2,042"
SC,,,,"2,042",,"2,042"
53579,,,"2,027",,,"2,027"
REESEVILLE,,,"2,027",,,"2,027"
WI,,,"2,027",,,"2,027"
83263,,"2,025",,,,"2,025"
PRESTON,,"2,025",,,,"2,025"
ID,,"2,025",,,,"2,025"
83837,,"2,017",,,,"2,017"
KELLOGG,,"2,017",,,,"2,017"
ID,,"2,017",,,,"2,017"
79936,,"2,006",,,,"2,006"
EL PASO,,"2,006",,,,"2,006"
TX,,"2,006",,,,"2,006"
60624,"1,991",,,,,"1,991"
CHICAGO,"1,991",,,,,"1,991"
IL,"1,991",,,,,"1,991"
92054,,,"1,976",,,"1,976"
OCEANSIDE,,,"1,976",,,"1,976"
CA,,,"1,976",,,"1,976"
2904,,"1,920",,,,"1,920"
PROVIDENCE,,"1,920",,,,"1,920"
RI,,"1,920",,,,"1,920"
79924,,"1,868",,,,"1,868"
EL PASO,,"1,868",,,,"1,868"
TX,,"1,868",,,,"1,868"
33617,,"1,783",,,,"1,783"
TAMPA,,"1,783",,,,"1,783"
FL,,"1,783",,,,"1,783"
14208,"1,694",,,,,"1,694"
BUFFALO,"1,694",,,,,"1,694"
NY,"1,694",,,,,"1,694"
63933,,"1,600",,,,"1,600"
CAMPBELL,,"1,600",,,,"1,600"
MO,,"1,600",,,,"1,600"
95060,,,,"1,554",,"1,554"
SANTA CRUZ,,,,"1,554",,"1,554"
CA,,,,"1,554",,"1,554"
2540,,"1,550",,,,"1,550"
FALMOUTH,,"1,550",,,,"1,550"
MA,,"1,550",,,,"1,550"
75686,,"1,500",,,,"1,500"
PITTSBURG,,"1,500",,,,"1,500"
TX,,"1,500",,,,"1,500"
28337,"1,465",,,,,"1,465"
ELIZABETHTOWN,"1,465",,,,,"1,465"
NC,"1,465",,,,,"1,465"
29102,"1,394",,,,,"1,394"
MANNING,"1,394",,,,,"1,394"
SC,"1,394",,,,,"1,394"
36322,,"1,385",,,,"1,385"
HARTFORD,,"1,385",,,,"1,385"
AL,,"1,385",,,,"1,385"
47834,,,,,"1,287","1,287"
BRAZIL,,,,,"1,287","1,287"
IN,,,,,"1,287","1,287"
85040,"1,243",,,,,"1,243"
PHOENIX,"1,243",,,,,"1,243"
AZ,"1,243",,,,,"1,243"
29574,"1,201",,,,,"1,201"
MULLINS,"1,201",,,,,"1,201"
SC,"1,201",,,,,"1,201"
75154,,,,"1,193",,"1,193"
RED OAK,,,,"1,193",,"1,193"
TX,,,,"1,193",,"1,193"
85019,,"1,158",,,,"1,158"
PHOENIX,,"1,158",,,,"1,158"
AZ,,"1,158",,,,"1,158"
44410,,"1,089",,,,"1,089"
CORTLAND,,"1,089",,,,"1,089"
OH,,"1,089",,,,"1,089"
47714,"1,076",,,,,"1,076"
EVANSVILLE,"1,076",,,,,"1,076"
IN,"1,076",,,,,"1,076"
34112,,,"1,050",,,"1,050"
NAPLES,,,"1,050",,,"1,050"
FL,,,"1,050",,,"1,050"
96150,,,,,"1,000","1,000"
SOUTH LAKE TAHOE,,,,,"1,000","1,000"
CA,,,,,"1,000","1,000"
86024,,"1,000",,,,"1,000"
HAPPY JACK,,"1,000",,,,"1,000"
AZ,,"1,000",,,,"1,000"
29048,,,,"1,000",,"1,000"
EUTAWVILLE,,,,"1,000",,"1,000"
SC,,,,"1,000",,"1,000"
19703,,872,,,,872
CLAYMONT,,872,,,,872
DE,,872,,,,872
95448,,,,839,,839
HEALDSBURG,,,,839,,839
CA,,,,839,,839
93604,,,,801,,801
BAKERSFIELD,,,,801,,801
CA,,,,801,,801
95345,761,,,,,761
MIDPINES,761,,,,,761
CA,761,,,,,761
60436,,,,756,,756
JOLIET,,,,756,,756
IL,,,,756,,756
47952,,,,500,,500
KINGMAN,,,,500,,500
IN,,,,500,,500
70582,,491,,,,491
SAINT MARTINVILLE,,491,,,,491
LA,,491,,,,491
32819,477,,,,,477
ORLANDO,477,,,,,477
FL,477,,,,,477
8361,,,,373,,373
VINELAND,,,,373,,373
NJ,,,,373,,373
93908,,,,335,,335
SALINAS,,,,335,,335
CA,,,,335,,335
70634,,,,226,,226
DERIDDER,,,,226,,226
LA,,,,226,,226
75966,,93,,,,93
NEWTON,,93,,,,93
TX,,93,,,,93
83651,,,,,0,0
NAMPA,,,,,0,0
ID,,,,,0,0
99205,,0,,,,0
SPOKANE,,0,,,,0
WA,,0,,,,0
90004,,,,0,,0
LOS ANGELES,,,,0,,0
CA,,,,0,,0
85007,,,,0,,0
PHOENIX,,,,0,,0
AZ,,,,0,,0
91206,,,,,0,0
GLENDALE,,,,,0,0
CA,,,,,0,0
96031,,,,,0,0
FORKS OF SALMON,,,,,0,0
CA,,,,,0,0
96047,,0,,,,0
IGO,,0,,,,0
CA,,0,,,,0
88426,,0,,,,0
LOGAN,,0,,,,0
NM,,0,,,,0
95941,,,,0,,0
FORBESTOWN,,,,0,,0
CA,,,,0,,0
91008,,,,0,,0
BRADBURY,,,,0,,0
CA,,,,0,,0
95542,0,,,,,0
GARBERVILLE,0,,,,,0
CA,0,,,,,0
98903,,,,0,,0
YAKIMA,,,,0,,0
WA,,,,0,,0
85349,,,,,0,0
SAN LUIS,,,,,0,0
AZ,,,,,0,0
82930,,,,,0,0
EVANSTON,,,,,0,0
WY,,,,,0,0
84759,0,,,,,0
PANGUITCH,0,,,,,0
UT,0,,,,,0
83617,,0,,,,0
EMMETT,,0,,,,0
ID,,0,,,,0
95005,,,,0,,0
BEN LOMOND,,,,0,,0
CA,,,,0,,0
92305,,,,0,,0
ANGELUS OAKS,,,,0,,0
CA,,,,0,,0
99030,,,,,0,0
ROCKFORD,,,,,0,0
WA,,,,,0,0
75253,,,0,,,0
DALLAS,,,0,,,0
TX,,,0,,,0
80906,,,,,0,0
COLORADO SPRINGS,,,,,0,0
CO,,,,,0,0
80302,,,,0,,0
BOULDER,,,,0,,0
CO,,,,0,,0
77422,,0,,,,0
BRAZORIA,,0,,,,0
TX,,0,,,,0
70549,,,,,0,0
LAKE ARTHUR,,,,,0,0
LA,,,,,0,0
70121,,,,,0,0
JEFFERSON,,,,,0,0
LA,,,,,0,0
82636,,,0,,,0
EVANSVILLE,,,0,,,0
WY,,,0,,,0
73717,,,0,,,0
ALVA,,,0,,,0
OK,,,0,,,0
75020,,,,0,,0
DENISON,,,,0,,0
TX,,,,0,,0
80512,,,,0,,0
BELLVUE,,,,0,,0
CO,,,,0,,0
77619,,,,,0,0
GROVES,,,,,0,0
TX,,,,,0,0
76501,,0,,,,0
TEMPLE,,0,,,,0
TX,,0,,,,0
34994,,,,,0,0
STUART,,,,,0,0
FL,,,,,0,0
33815,,,,,0,0
LAKELAND,,,,,0,0
FL,,,,,0,0
33193,,,,,0,0
MIAMI,,,,,0,0
FL,,,,,0,0
36567,,,,0,,0
ROBERTSDALE,,,,0,,0
AL,,,,0,,0
56007,,,,,0,0
ALBERT LEA,,,,,0,0
MN,,,,,0,0
36867,0,,,,,0
PHENIX CITY,0,,,,,0
AL,0,,,,,0
39565,,,,0,,0
VANCLEAVE,,,,0,,0
MS,,,,0,,0
43607,0,,,,,0
TOLEDO,0,,,,,0
OH,0,,,,,0
38116,0,,,,,0
MEMPHIS,0,,,,,0
TN,0,,,,,0
37410,,0,,,,0
CHATTANOOGA,,0,,,,0
TN,,0,,,,0
47807,,,,,0,0
TERRE HAUTE,,,,,0,0
IN,,,,,0,0
45403,,,0,,,0
DAYTON,,,0,,,0
OH,,,0,,,0
33705,,,,0,,0
SAINT PETERSBURG,,,,0,,0
FL,,,,0,,0
55106,,,,,0,0
SAINT PAUL,,,,,0,0
MN,,,,,0,0
37766,,,0,,,0
LAFOLLETTE,,,0,,,0
TN,,,0,,,0
46228,,,,0,,0
INDIANAPOLIS,,,,0,,0
IN,,,,0,,0
8311,0,,,,,0
CEDARVILLE,0,,,,,0
NJ,0,,,,,0
12701,,0,,,,0
MONTICELLO,,0,,,,0
NY,,0,,,,0
3076,0,,,,,0
PELHAM,0,,,,,0
NH,0,,,,,0
29620,,0,,,,0
ABBEVILLE,,0,,,,0
SC,,0,,,,0
31210,,,0,,,0
MACON,,,0,,,0
GA,,,0,,,0
1742,,,0,,,0
CONCORD,,,0,,,0
MA,,,0,,,0
31907,,,0,,,0
COLUMBUS,,,0,,,0
GA,,,0,,,0
31313,,0,,,,0
HINESVILLE,,0,,,,0
GA,,0,,,,0
11976,,,,0,,0
WATERMILL,,,,0,,0
NY,,,,0,,0
26101,,,,0,,0
PARKERSBURG,,,,0,,0
WV,,,,0,,0
19312,,,,,0,0
BERWYN,,,,,0,0
PA,,,,,0,0
30504,0,,,,,0
GAINESVILLE,0,,,,,0
GA,0,,,,,0
Grand Total,"34,418,204","78,674,510","23,471,628","45,434,527","14,645,756","196,644,625"
